,前后缀,名称,等级,效果,位置,文件,长度,校验码
281,,还原之,18,+65%生命恢复速度,臂、盾、头,records\item\lootmagicalaffixes\suffix\default\character_regenlife_03.dbr,69,I
51,1,不可穿透的,34,+41%穿刺抵抗,臂、盾、头,records\item\lootmagicalaffixes\prefix\default\defensive_resistpierce_04.dbr,72,L
133,1,不屈的,15,+60%眩晕抵抗+50%技能中断抵抗+每秒1点生命恢复,项链,records\item\lootmagicalaffixes\prefix\default\rare_indomitable_01.dbr,66,F
75,1,不重的,25,-18全部属性要求,臂、锤、盾,records\item\lootmagicalaffixes\prefix\default\character_reducedequipreq_03.dbr,75,O
54,1,专家的,32,＋170法力,臂、盾、戒,records\item\lootmagicalaffixes\prefix\default\character_attributeenergy_04.dbr,75,O
128,1,严酷的,15,+18%伤害+20%攻击速度,锤、斧、弓,records\item\lootmagicalaffixes\prefix\default\rare_%dmgatkspd_01.dbr,65,E
97,1,亚里士多德的,21,+15%智力+5%法力,臂(法)、戒,records\item\lootmagicalaffixes\prefix\default\rare_intmana_02.dbr,62,B
11,1,传奇的,44,+12%元素抗性+3%经验增加,臂、头、腿,records\xpack\item\lootmagicalaffixes\prefix\default\rare_negregenpoisonretal%poison_02.dbr,87,
95,1,傀儡师的,24,+每秒5点法力恢复[所有宠物]+200生命+10%所有速度,项链、杖,records\xpack\item\lootmagicalaffixes\prefix\default\rare_petbonus_%speedhealth_01.dbr,82,V
175,1,充电的,8,2-14闪电伤害,锤、斧、弓,records\item\lootmagicalaffixes\prefix\default\offensive_damagelightning_02.dbr,75,O
93,1,先知的,25,+2到梦幻之境的所有技能,项链,records\xpack\item\lootmagicalaffixes\prefix\default\character_skillmasterydream_02.dbr,83,W
94,1,光亮的,24,+25护甲+20力量+25伤害对恶魔,臂(战)、头,records\xpack\item\lootmagicalaffixes\prefix\default\rare_demonprotectstrarmor_02.dbr,81,U
181,1,光荣的,8,+5%元素抗性+3%经验增加,头,records\xpack\item\lootmagicalaffixes\suffix\default\rare_%xp%elementalresist_01.dbr,80,T
53,1,光辉的,34,+35护甲+30力量+50伤害对恶魔,臂(战)、头,records\xpack\item\lootmagicalaffixes\prefix\default\rare_demonprotectstrarmor_03.dbr,81,U
124,1,兴奋的,15,7-24闪电伤害,锤、斧、弓,records\item\lootmagicalaffixes\prefix\default\offensive_damagelightning_03.dbr,75,O
13,1,典礼的,43,+66%吸收法力抵抗+减少24%来自亡灵的伤害+对亡灵的伤害17,项链,records\item\lootmagicalaffixes\prefix\default\rare_ritual_03.dbr,61,A
69,1,典礼的,28,+50%吸收法力抵抗+减少20%来自亡灵的伤害+对亡灵的伤害11,项链,records\item\lootmagicalaffixes\prefix\default\rare_ritual_02.dbr,61,A
164,1,典礼的,11,+33%吸收法力抵抗+减少18%来自亡灵的伤害+对亡灵的伤害6,项链,records\item\lootmagicalaffixes\prefix\default\rare_ritual_01.dbr,61,A
114,1,兽性的,18,+25%伤害+35点战斗能力,锤、斧、弓,records\item\lootmagicalaffixes\prefix\default\rare_oa%dmg_02.dbr,61,A
76,1,军阀的,25,+2到战斗专精的技能,锤、斧、项,records\item\lootmagicalaffixes\prefix\default\character_skillmasterya_02.dbr,73,M
15,1,冰冻的,42,33-50冰冷伤害,锤、斧、弓,records\item\lootmagicalaffixes\prefix\default\offensive_damagecold_05.dbr,70,J
66,1,冰河时代的,28,+28冰冷伤害+减慢速度20%,锤、斧、弓,records\item\lootmagicalaffixes\prefix\default\rare_coldslow_02.dbr,63,C
52,1,净化的,34,+41%毒素抗性,臂、盾、头,records\item\lootmagicalaffixes\prefix\default\defensive_resistpoison_04.dbr,72,L
189,1,减轻的,3,+8%毒素抗性,臂、盾、头,records\item\lootmagicalaffixes\prefix\default\defensive_resistpoison_01.dbr,72,L
8,1,凶恶的,45,+50%伤害+75点战斗能力,锤、斧、弓,records\item\lootmagicalaffixes\prefix\default\rare_oa%dmg_07.dbr,61,A
99,1,切割的,21,16-24穿刺伤害+24流血伤害*3,弓、剑、矛,records\item\lootmagicalaffixes\prefix\default\rare_piercebleed_02.dbr,66,F
153,1,刚性的,12,+16%穿刺抵抗,臂、盾、头,records\item\lootmagicalaffixes\prefix\default\defensive_resistpierce_02.dbr,72,L
90,1,刺人的,25,24-30穿刺伤害,弓、剑、矛,records\item\lootmagicalaffixes\prefix\default\offensive_damagepierce_04.dbr,72,L
79,1,刺客的,25,+2到盗贼专精的技能,剑、项链,records\item\lootmagicalaffixes\prefix\default\character_skillmasteryd_02.dbr,73,M
122,1,刺痛的,15,11-20冰冷伤害,锤、斧、弓,records\item\lootmagicalaffixes\prefix\default\offensive_damagecold_03.dbr,70,J
38,1,刺破的,35,40-56穿刺伤害+56流血伤害*3,弓、剑、矛,records\item\lootmagicalaffixes\prefix\default\rare_piercebleed_04.dbr,66,F
4,1,刺穿的,47,64-81穿刺伤害+82流血伤害*3,弓、剑、矛,records\item\lootmagicalaffixes\prefix\default\rare_piercebleed_05.dbr,66,F
18,1,刺骨的,42,37-48穿刺伤害,弓、剑、矛,records\item\lootmagicalaffixes\prefix\default\offensive_damagepierce_05.dbr,72,L
172,1,加重的,8,6-13额外伤害,锤、斧、弓,records\item\lootmagicalaffixes\prefix\default\offensive_damagebonus_02.dbr,71,K
28,1,北极的,40,+45冰冷伤害+减慢速度20%,锤、斧、弓,records\item\lootmagicalaffixes\prefix\default\rare_coldslow_03.dbr,63,C
24,1,卓越的,42,+10%元素抗性+10%活力伤害抗性+10%毒素抗性,胸,records\xpack\item\lootmagicalaffixes\prefix\default\rare_allresists_01.dbr,71,K
121,1,厚重的,15,13-23额外伤害,锤、斧、弓,records\item\lootmagicalaffixes\prefix\default\offensive_damagebonus_03.dbr,71,K
179,1,发光的,8,+15护甲+10力量+10伤害对恶魔,臂(战)、头,records\xpack\item\lootmagicalaffixes\prefix\default\rare_demonprotectstrarmor_01.dbr,81,U
70,1,召唤者的,28,[所有宠物]+10%元素伤害+28元素伤害,戒指、项链,records\xpack\item\lootmagicalaffixes\prefix\default\petbonus_elementaldmg_03.dbr,77,Q
71,1,召唤者的,28,[所有宠物]+10%活力伤害+28活力伤害,戒指、项链,records\xpack\item\lootmagicalaffixes\prefix\default\petbonus_lifedmg_03.dbr,72,L
72,1,召唤者的,28,[所有宠物]+33伤害+10%伤害,戒指、项链,records\xpack\item\lootmagicalaffixes\prefix\default\petbonus_physicaldmg_03.dbr,76,P
83,1,召唤者的,25,+2到风暴专精的技能,项链,records\item\lootmagicalaffixes\prefix\default\character_skillmasteryh_02.dbr,73,M
2,1,可怕的,47,+31冰冷伤害+31活力伤害+54流血伤害*3,锤、斧、弓,records\item\lootmagicalaffixes\prefix\default\rare_dreadful_weapon_05.dbr,70,J
34,1,可怕的,38,+23冰冷伤害+24活力伤害+38流血伤害*3,锤、斧、弓,records\item\lootmagicalaffixes\prefix\default\rare_dreadful_weapon_04.dbr,70,J
58,1,可怕的,31,+16冰冷伤害+18活力伤害+25流血伤害*3,锤、斧、弓,records\item\lootmagicalaffixes\prefix\default\rare_dreadful_weapon_03.dbr,70,J
112,1,可怕的,18,+10冰冷伤害+12活力伤害+14流血伤害*3,锤、斧、弓,records\item\lootmagicalaffixes\prefix\default\rare_dreadful_weapon_02.dbr,70,J
155,1,可怕的,12,+18冰冷伤害+50%活力伤害+50%流血伤害,项链,records\item\lootmagicalaffixes\prefix\default\rare_dreadful_01.dbr,63,C
156,1,可怕的,12,+5冰冷伤害+6活力伤害+6流血伤害*3,锤、斧、弓,records\item\lootmagicalaffixes\prefix\default\rare_dreadful_weapon_01.dbr,70,J
55,1,可靠的,32,+33护甲,臂、头、腿,records\item\lootmagicalaffixes\prefix\default\defensive_protection_06.dbr,70,J
30,1,君主的,40,+10%物理伤害抗性+每秒1点生命恢复+每秒1点法力恢复,？,records\item\lootmagicalaffixes\prefix\default\rare_kingly_01.dbr,61,A
85,1,否决的,25,+13%元素抗性,项链、杖,records\item\lootmagicalaffixes\prefix\default\defensive_resistelemental_02.dbr,75,O
56,1,吸干的,32,24法力吸取*3,锤、斧、弓,records\item\lootmagicalaffixes\prefix\default\offensive_leechmana_03.dbr,69,I
77,1,哨兵的,25,+2到防御专精的技能,项链,records\item\lootmagicalaffixes\prefix\default\character_skillmasteryb_02.dbr,73,M
26,1,哲人的,40,＋210法力,臂、盾、戒,records\item\lootmagicalaffixes\prefix\default\character_attributeenergy_05.dbr,75,O
178,1,嗜血的,8,12生命吸取*3,锤、斧、弓,records\item\lootmagicalaffixes\prefix\default\offensive_leechlife_02.dbr,69,I
10,1,圣人的,44,＋250法力,臂、盾、戒,records\item\lootmagicalaffixes\prefix\default\character_attributeenergy_06.dbr,75,O
27,1,坚固的,40,+40护甲,臂、头、腿,records\item\lootmagicalaffixes\prefix\default\defensive_protection_07.dbr,70,J
188,1,坚强的,3,+8%穿刺抵抗,臂、盾、头,records\item\lootmagicalaffixes\prefix\default\defensive_resistpierce_01.dbr,72,L
166,1,坚硬的,11,+5%生命+8%力量,臂、盾、戒,records\item\lootmagicalaffixes\prefix\default\rare_strlife_01.dbr,62,B
184,1,坚韧的,3,+4护甲,臂、头、腿,records\item\lootmagicalaffixes\prefix\default\defensive_protection_01.dbr,70,J
98,1,堕落的,21,+30%伤害+45点战斗能力,锤、斧、弓,records\item\lootmagicalaffixes\prefix\default\rare_oa%dmg_03.dbr,61,A
80,1,大巫师的,25,+2到大地专精的技能,项链,records\item\lootmagicalaffixes\prefix\default\character_skillmasterye_02.dbr,73,M
6,1,大法师的,46,+20%元素伤害+15%攻击速度,杖,records\xpack\item\lootmagicalaffixes\prefix\default\rare_%elementaldmg%atkspd_03.dbr,81,U
43,1,妖术师的,35,+150法力+每秒5点法力恢复+100%法力恢复速度,？,records\xpack\item\lootmagicalaffixes\prefix\default\rare_manamanaregen%manaregen_02.dbr,84,X
183,1,学徒的,3,＋50法力,臂、盾、戒,records\item\lootmagicalaffixes\prefix\default\character_attributeenergy_01.dbr,75,O
144,1,学者的,12,＋90法力,臂、盾、戒,records\item\lootmagicalaffixes\prefix\default\character_attributeenergy_02.dbr,75,O
87,1,寒冷的,25,21-32冰冷伤害,锤、斧、弓,records\item\lootmagicalaffixes\prefix\default\offensive_damagecold_04.dbr,70,J
74,1,导师的,25,＋130法力,臂、盾、戒,records\item\lootmagicalaffixes\prefix\default\character_attributeenergy_03.dbr,75,O
130,1,尊贵的,15,+85%生命恢复+75%法力恢复,头、胸,records\item\lootmagicalaffixes\prefix\default\rare_exalted_01.dbr,62,B
162,1,尖锐的,11,9-19穿刺伤害+15流血伤害*3,弓、剑、矛,records\item\lootmagicalaffixes\prefix\default\rare_piercebleed_01.dbr,66,F
136,1,山地人的,15,+15伤害+30%冰冷抗性+每秒1点生命恢复+减慢攻击速度15%反击,胸(战),records\item\lootmagicalaffixes\prefix\default\rare_mountaineers_01.dbr,67,G
135,1,崇拜的,15,+20%伤害+8%元素抗性+35%眩晕抗性+每秒1点生命恢复,胸(战),records\item\lootmagicalaffixes\prefix\default\rare_juggernaught'sarmor_01.dbr,74,N
14,1,巨大的,42,35-53额外伤害,锤、斧、弓,records\item\lootmagicalaffixes\prefix\default\offensive_damagebonus_05.dbr,71,K
196,1,干枯的,3,8法力吸取*3,锤、斧、弓,records\item\lootmagicalaffixes\prefix\default\offensive_leechmana_01.dbr,69,I
61,1,庄严的,31,+2到所有技能,项链,records\item\lootmagicalaffixes\prefix\default\rare_skillall_02.dbr,63,C
116,1,庄严的,18,+10%智力+10%敏捷+10%力量,头,records\item\lootmagicalaffixes\prefix\default\rare_stately_01.dbr,62,B
32,1,庞大的,39,+180生命+20%生命,？,records\item\lootmagicalaffixes\prefix\default\rare_mammoth_01.dbr,62,B
86,1,庞大的,25,22-35额外伤害,锤、斧、弓,records\item\lootmagicalaffixes\prefix\default\offensive_damagebonus_04.dbr,71,K
105,1,废除的,18,+8%元素抗性,项链,records\item\lootmagicalaffixes\prefix\default\defensive_resistelemental_01.dbr,75,O
101,1,强壮的,21,+9%生命+20%力量,臂、盾、戒,records\item\lootmagicalaffixes\prefix\default\rare_strlife_03.dbr,62,B
81,1,德鲁伊的,25,+2到自然专精的技能,项链,records\item\lootmagicalaffixes\prefix\default\character_skillmasteryf_02.dbr,73,M
91,1,怨恨的,25,33毒素伤害*6,锤、斧、弓,records\item\lootmagicalaffixes\prefix\default\offensive_damagepoison_04.dbr,72,L
177,1,恶毒的,8,12毒素伤害*6,锤、斧、弓,records\item\lootmagicalaffixes\prefix\default\offensive_damagepoison_02.dbr,72,L
201,1,惯性的,3,+25%减速抗性,臂、头、腿,records\xpack\item\lootmagicalaffixes\suffix\default\defensive_resistslow_01.dbr,76,P
194,1,感染的,3,6毒素伤害*6,锤、斧、弓,records\item\lootmagicalaffixes\prefix\default\offensive_damagepoison_01.dbr,72,L
191,1,愤怒的,3,2-5火焰伤害,锤、斧、弓,records\item\lootmagicalaffixes\prefix\default\offensive_damagefire_01.dbr,70,J
103,1,成功的,19,+10%护甲防御+10%伤害反弹,盾,records\xpack\item\lootmagicalaffixes\prefix\default\rare_%protect%dmgreflect_01.dbr,80,T
145,1,战士的,12,+1到战斗专精的技能,锤、斧、项,records\item\lootmagicalaffixes\prefix\default\character_skillmasterya_01.dbr,73,M
134,1,戴奥真尼斯的,15,+10%智力+5%法力,臂(法)、戒,records\item\lootmagicalaffixes\prefix\default\rare_intmana_01.dbr,62,B
68,1,打孔的,28,27-36穿刺伤害+37流血伤害*3,弓、剑、矛,records\item\lootmagicalaffixes\prefix\default\rare_piercebleed_03.dbr,66,F
44,1,抗性的,34,+40%冰冷抗性,臂、盾、戒,records\item\lootmagicalaffixes\prefix\default\defensive_resistcold_03.dbr,70,J
46,1,抗性的,34,+40%火焰抗性,臂、盾、戒,records\item\lootmagicalaffixes\prefix\default\defensive_resistfire_03.dbr,70,J
47,1,抗性的,34,+40%闪电抗性,臂、盾、戒,records\item\lootmagicalaffixes\prefix\default\defensive_resistlightning_03.dbr,75,O
48,1,抗性的,34,+23%冰冷抗性+23%火焰抗性,盾、戒指、,records\item\lootmagicalaffixes\prefix\default\defensive_resistmulti_coldfire_03.dbr,80,T
49,1,抗性的,34,+23%火焰抗性+23%闪电抗性,盾、戒指、,records\item\lootmagicalaffixes\prefix\default\defensive_resistmulti_firelightning_03.dbr,85,Y
50,1,抗性的,34,+23%冰冷抗性+23%闪电抗性,盾、戒指、,records\item\lootmagicalaffixes\prefix\default\defensive_resistmulti_lightningcold_03.dbr,85,Y
141,1,招魂者的,14,[所有宠物]+5%元素伤害+15元素伤害,戒指、项链,records\xpack\item\lootmagicalaffixes\prefix\default\petbonus_elementaldmg_02.dbr,77,Q
142,1,招魂者的,14,[所有宠物]+5%活力伤害+15活力伤害,戒指、项链,records\xpack\item\lootmagicalaffixes\prefix\default\petbonus_lifedmg_02.dbr,72,L
143,1,招魂者的,14,[所有宠物]+18伤害+5%伤害,戒指、项链,records\xpack\item\lootmagicalaffixes\prefix\default\petbonus_physicaldmg_02.dbr,76,P
92,1,掠血的,25,32生命吸取*3,锤、斧、弓,records\item\lootmagicalaffixes\prefix\default\offensive_leechlife_04.dbr,69,I
149,1,操焰者的,12,+1到大地专精的技能,项链,records\item\lootmagicalaffixes\prefix\default\character_skillmasterye_01.dbr,73,M
60,1,无情的,31,+35%伤害+50点战斗能力,锤、斧、弓,records\item\lootmagicalaffixes\prefix\default\rare_oa%dmg_04.dbr,61,A
45,1,无效的,34,+18%元素抗性,项链、杖,records\item\lootmagicalaffixes\prefix\default\defensive_resistelemental_03.dbr,75,O
159,1,暴风召唤者的,12,+1到风暴专精的技能,项链,records\item\lootmagicalaffixes\prefix\default\character_skillmasteryh_01.dbr,73,M
113,1,杀人的,18,5%几率发动减少敌人生命25%+21%伤害+50点战斗能力,锤、斧、弓,records\item\lootmagicalaffixes\prefix\default\rare_oa%currentlife_02.dbr,69,I
57,1,极限的,32,66%减慢攻击,锤、斧、剑,records\item\lootmagicalaffixes\prefix\default\offensive_reducedattackspeed_03.dbr,78,R
59,1,柏拉图的,31,+20%智力+5%法力,臂(法)、戒,records\item\lootmagicalaffixes\prefix\default\rare_intmana_03.dbr,62,B
195,1,染血的,3,5生命吸取*3,锤、斧、弓,records\item\lootmagicalaffixes\prefix\default\offensive_leechlife_01.dbr,69,I
117,1,柔软的,15,-13全部属性要求,臂、锤、盾,records\item\lootmagicalaffixes\prefix\default\character_reducedequipreq_02.dbr,75,O
5,1,棱柱的,47,+19元素伤害+21%元素抗性+12%伤害反弹,项链,records\item\lootmagicalaffixes\prefix\default\rare_prismatic_04.dbr,64,D
39,1,棱柱的,35,+15元素伤害+15%元素抗性+10%伤害反弹,项链,records\item\lootmagicalaffixes\prefix\default\rare_prismatic_03.dbr,64,D
100,1,棱柱的,21,+9元素伤害+15%元素抗性+10%伤害反弹,项链,records\item\lootmagicalaffixes\prefix\default\rare_prismatic_02.dbr,64,D
163,1,棱柱的,11,+5元素伤害+15%元素抗性+10%伤害反弹,项链,records\item\lootmagicalaffixes\prefix\default\rare_prismatic_01.dbr,64,D
37,1,残暴的,35,+40%伤害+55点战斗能力,？,？,-3,
64,1,残暴的,30,+15%所有伤害,锤、斧、弓,records\xpack\item\lootmagicalaffixes\prefix\default\rare_%totaldamage_01.dbr,73,M
109,1,残破的,18,50%减慢攻击,锤、斧、剑,records\item\lootmagicalaffixes\prefix\default\offensive_reducedattackspeed_02.dbr,78,R
161,1,残酷的,11,+20%伤害+25点战斗能力,锤、斧、弓,records\item\lootmagicalaffixes\prefix\default\rare_oa%dmg_01.dbr,61,A
36,1,污染的,36,+50%毒素伤害+45%毒素抗性-每秒15点生命恢复+50毒素伤害反击*6,臂、头、腿,records\xpack\item\lootmagicalaffixes\prefix\default\rare_negregenpoisonretal%poison_03.dbr,87,
180,1,污辱的,8,+30%毒素伤害+20%毒素抗性-每秒3点生命恢复+10毒素伤害反击*6,臂、头、腿,records\xpack\item\lootmagicalaffixes\prefix\default\rare_negregenpoisonretal%poison_01.dbr,87,
107,1,治愈的,18,+26%毒素抗性,臂、盾、头,records\item\lootmagicalaffixes\prefix\default\defensive_resistpoison_03.dbr,72,L
108,1,泄干的,18,14法力吸取*3,锤、斧、弓,records\item\lootmagicalaffixes\prefix\default\offensive_leechmana_02.dbr,69,I
73,1,法师的,28,+15%元素伤害+10%攻击速度,杖,records\xpack\item\lootmagicalaffixes\prefix\default\rare_%elementaldmg%atkspd_02.dbr,81,U
82,1,法术师的,25,+2到死灵专精的技能,项链,records\item\lootmagicalaffixes\prefix\default\character_skillmasteryg_02.dbr,73,M
65,1,泰坦巨人的,28,+24%伤害+10%力量,锤、盾、斧,records\item\lootmagicalaffixes\prefix\default\rare_%dmgstr_02.dbr,62,B
150,1,流浪者的,12,+1到自然专精的技能,项链,records\item\lootmagicalaffixes\prefix\default\character_skillmasteryf_01.dbr,73,M
190,1,淬冷的,3,2-5冰冷伤害,锤、斧、弓,records\item\lootmagicalaffixes\prefix\default\offensive_damagecold_01.dbr,70,J
154,1,清洁的,12,+16%毒素抗性,臂、盾、头,records\item\lootmagicalaffixes\prefix\default\defensive_resistpoison_02.dbr,72,L
148,1,游侠的,12,+1到盗贼专精的技能,剑、项链,records\item\lootmagicalaffixes\prefix\default\character_skillmasteryd_01.dbr,73,M
102,1,滚烫的,20,+8火焰伤害+12燃烧伤害*3,锤、斧、弓,records\item\lootmagicalaffixes\prefix\default\rare_fireburn_01.dbr,63,C
123,1,灼热的,15,11-20火焰伤害,锤、斧、弓,records\item\lootmagicalaffixes\prefix\default\offensive_damagefire_03.dbr,70,J
139,1,炼金术士的,15,+50法力+每秒2点法力恢复+50%法力恢复速度,？,records\xpack\item\lootmagicalaffixes\prefix\default\rare_manamanaregen%manaregen_01.dbr,84,X
16,1,炽热的,42,33-50火焰伤害,锤、斧、弓,records\item\lootmagicalaffixes\prefix\default\offensive_damagefire_05.dbr,70,J
63,1,熔化的,30,+16火焰伤害+27燃烧伤害*3,锤、斧、弓,records\item\lootmagicalaffixes\prefix\default\rare_fireburn_02.dbr,63,C
29,1,熔岩的,40,+28火焰伤害+51燃烧伤害*3,锤、斧、弓,records\item\lootmagicalaffixes\prefix\default\rare_fireburn_03.dbr,63,C
174,1,燃烧的,8,5-11火焰伤害,锤、斧、弓,records\item\lootmagicalaffixes\prefix\default\offensive_damagefire_02.dbr,70,J
89,1,爆电的,25,11-42闪电伤害,锤、斧、弓,records\item\lootmagicalaffixes\prefix\default\offensive_damagelightning_04.dbr,75,O
104,1,牢固的,18,+21护甲,臂、头、腿,records\item\lootmagicalaffixes\prefix\default\defensive_protection_04.dbr,70,J
110,1,独眼巨人的,18,+18%伤害+10%力量,锤、盾、斧,records\item\lootmagicalaffixes\prefix\default\rare_%dmgstr_01.dbr,62,B
147,1,猎人的,12,+1到狩猎专精的技能,弓、矛、项,records\item\lootmagicalaffixes\prefix\default\character_skillmasteryc_01.dbr,73,M
35,1,献祭的,38,-50%生命-每秒18点生命恢复+30%经验,项链,records\item\lootmagicalaffixes\prefix\default\rare_sacraficial_01.dbr,66,F
0,1,玷污的,50,+25%活力伤害,戒指、项链,records\xpack\item\lootmagicalaffixes\prefix\default\rare_%lifedmgmanaburn_03.dbr,77,Q
176,1,磨利的,8,6-10穿刺伤害,弓、剑、矛,records\item\lootmagicalaffixes\prefix\default\offensive_damagepierce_02.dbr,72,L
129,1,礼仪的,15,+50%吸收法力抵抗+8%智力+8%经验+每秒1点法力恢复,头,records\item\lootmagicalaffixes\prefix\default\rare_cerimonial_01.dbr,65,E
40,1,祈求者的,35,[所有宠物]+10%元素伤害+40元素伤害,戒指、项链,records\xpack\item\lootmagicalaffixes\prefix\default\petbonus_elementaldmg_04.dbr,77,Q
41,1,祈求者的,35,[所有宠物]+10%活力伤害+40活力伤害,戒指、项链,records\xpack\item\lootmagicalaffixes\prefix\default\petbonus_lifedmg_04.dbr,72,L
42,1,祈求者的,35,[所有宠物]+47伤害+10%伤害,戒指、项链,records\xpack\item\lootmagicalaffixes\prefix\default\petbonus_physicaldmg_04.dbr,76,P
115,1,神圣的,18,+1到所有技能,项链,records\item\lootmagicalaffixes\prefix\default\rare_skillall_01.dbr,63,C
131,1,神圣的,15,+50%活力抵抗+每秒1点生命恢复+1所有技能,头,records\item\lootmagicalaffixes\prefix\default\rare_hallowed_01.dbr,63,C
25,1,神秘的,42,+10%元素伤害+100%施展速度,戒指、项链,records\xpack\item\lootmagicalaffixes\prefix\default\rare_castspeed%elementaldmg_01.dbr,83,W
21,1,祭司的,42,[所有宠物]+12%元素伤害+60元素伤害,戒指、项链,records\xpack\item\lootmagicalaffixes\prefix\default\petbonus_elementaldmg_05.dbr,77,Q
22,1,祭司的,42,[所有宠物]+12%活力伤害+60活力伤害,戒指、项链,records\xpack\item\lootmagicalaffixes\prefix\default\petbonus_lifedmg_05.dbr,72,L
23,1,祭司的,42,[所有宠物]+70伤害+12%伤害,戒指、项链,records\xpack\item\lootmagicalaffixes\prefix\default\petbonus_physicaldmg_05.dbr,76,P
169,1,符咒编织者的,10,+10%元素伤害+10%攻击速度,杖,records\xpack\item\lootmagicalaffixes\prefix\default\rare_%elementaldmg%atkspd_01.dbr,81,U
202,1,笨重地,3,2-7额外伤害,锤、斧、弓,records\item\lootmagicalaffixes\prefix\default\offensive_damagebonus_01.dbr,71,K
84,1,粗糙的,25,+27护甲,臂、头、腿,records\item\lootmagicalaffixes\prefix\default\defensive_protection_05.dbr,70,J
157,1,织梦者的,12,+1到梦幻之境的所有技能,项链,records\xpack\item\lootmagicalaffixes\prefix\default\character_skillmasterydream_01.dbr,83,W
138,1,结实的,15,+7%生命+14%力量,臂、盾、戒,records\item\lootmagicalaffixes\prefix\default\rare_strlife_02.dbr,62,B
171,1,结实的,8,+9护甲,臂、头、腿,records\item\lootmagicalaffixes\prefix\default\defensive_protection_02.dbr,70,J
106,1,缓和的,18,+26%穿刺抵抗,臂、盾、头,records\item\lootmagicalaffixes\prefix\default\defensive_resistpierce_03.dbr,72,L
9,1,耀眼的,45,+55护甲+45力量+100伤害对恶魔,臂(战)、头,records\xpack\item\lootmagicalaffixes\prefix\default\rare_demonprotectstrarmor_04.dbr,81,U
167,1,老兵的,11,+10%物理伤害抗性+15%防御能力+15%躲避投射物,胸(战),records\item\lootmagicalaffixes\prefix\default\rare_veteransarmor_01.dbr,68,H
168,1,老兵的,11,+19%伤害+12%攻击速度+15%战斗能力,锤、斧、弓,records\item\lootmagicalaffixes\prefix\default\rare_veteransweapon_01.dbr,69,I
152,1,耐用的,12,+15护甲,臂、头、腿,records\item\lootmagicalaffixes\prefix\default\defensive_protection_03.dbr,70,J
160,1,背叛的,11,5%几率发动减少敌人生命15%+30点战斗能力+3秒技能打断,锤、斧、弓,records\item\lootmagicalaffixes\prefix\default\rare_oa%currentlife_01.dbr,69,I
140,1,自主的,15,+35%睡眠抵抗、眩晕抵抗、减少陷阱持续时间、减少冰冻持续时间、缓,腿,records\xpack\item\lootmagicalaffixes\suffix\default\rare_resistmobilityimpairment_03.dbr,85,Y
19,1,致命的,42,52毒素伤害*6,锤、斧、弓,records\item\lootmagicalaffixes\prefix\default\offensive_damagepoison_05.dbr,72,L
126,1,致病的,15,19毒素伤害*6,锤、斧、弓,records\item\lootmagicalaffixes\prefix\default\offensive_damagepoison_03.dbr,72,L
7,1,苏格拉底的,45,+20%智力+10%法力,臂(法)、戒,records\item\lootmagicalaffixes\prefix\default\rare_intmana_04.dbr,62,B
1,1,苛刻的,48,+30%所有伤害,锤、斧、弓,records\xpack\item\lootmagicalaffixes\prefix\default\rare_%totaldamage_02.dbr,73,M
111,1,苦涩的,18,+11冰冷伤害+减慢速度15%,锤、斧、弓,records\item\lootmagicalaffixes\prefix\default\rare_coldslow_01.dbr,63,C
3,1,荣誉卫士的,47,+60护甲+50%穿刺抵抗+50%眩晕抵抗,项链、胸,records\item\lootmagicalaffixes\prefix\default\rare_honorguards_05.dbr,66,F
31,1,荣誉卫士的,39,+45护甲+36%穿刺抵抗+50%眩晕抵抗,项链、胸,records\item\lootmagicalaffixes\prefix\default\rare_honorguards_04.dbr,66,F
67,1,荣誉卫士的,28,+30护甲+25%穿刺抵抗+50%眩晕抵抗,项链、胸,records\item\lootmagicalaffixes\prefix\default\rare_honorguards_03.dbr,66,F
96,1,荣誉卫士的,21,+18护甲+18%穿刺抵抗+50%眩晕抵抗,项链、胸,records\item\lootmagicalaffixes\prefix\default\rare_honorguards_02.dbr,66,F
132,1,荣誉卫士的,15,+10护甲+12%穿刺抵抗+50%眩晕抵抗,项链、胸,records\item\lootmagicalaffixes\prefix\default\rare_honorguards_01.dbr,66,F
151,1,萨满的,12,+1到死灵专精的技能,项链,records\item\lootmagicalaffixes\prefix\default\character_skillmasteryg_01.dbr,73,M
197,1,虚弱的,3,33%减慢攻击,锤、斧、剑,records\item\lootmagicalaffixes\prefix\default\offensive_reducedattackspeed_01.dbr,78,R
62,1,被弃的,31,+20%活力伤害,戒指、项链,records\xpack\item\lootmagicalaffixes\prefix\default\rare_%lifedmgmanaburn_02.dbr,77,Q
137,1,被诅咒的,15,+10%元素伤害+33%吸收法力抵抗+5%法力+30%吸收攻击能量,头(法),records\item\lootmagicalaffixes\prefix\default\rare_spellboundarmor_01.dbr,70,J
158,1,被诅咒的,12,+15%活力伤害,戒指、项链,records\xpack\item\lootmagicalaffixes\prefix\default\rare_%lifedmgmanaburn_01.dbr,77,Q
165,1,被诅咒的,11,+15%元素伤害+8%法力-15%法力消耗,项链,records\item\lootmagicalaffixes\prefix\default\rare_spellbound_01.dbr,65,E
20,1,贪婪的,42,49生命吸取*3,锤、斧、弓,records\item\lootmagicalaffixes\prefix\default\offensive_leechlife_05.dbr,69,I
127,1,贪血的,15,21生命吸取*3,锤、斧、弓,records\item\lootmagicalaffixes\prefix\default\offensive_leechlife_03.dbr,69,I
12,1,赫拉克勒斯的,43,+32%伤害+10%力量,锤、盾、斧,records\item\lootmagicalaffixes\prefix\default\rare_%dmgstr_03.dbr,62,B
170,1,轻便的,8,-8全部属性要求,臂、锤、盾,records\item\lootmagicalaffixes\prefix\default\character_reducedequipreq_01.dbr,75,O
78,1,追踪者的,25,+2到狩猎专精的技能,弓、矛、项,records\item\lootmagicalaffixes\prefix\default\character_skillmasteryc_02.dbr,73,M
88,1,酷热的,25,21-32火焰伤害,锤、斧、弓,records\item\lootmagicalaffixes\prefix\default\offensive_damagefire_04.dbr,70,J
33,1,野蛮的,39,+45%伤害+65点战斗能力,锤、斧、弓,records\item\lootmagicalaffixes\prefix\default\rare_oa%dmg_06.dbr,61,A
125,1,锋利的,15,13-19穿刺伤害,弓、剑、矛,records\item\lootmagicalaffixes\prefix\default\offensive_damagepierce_03.dbr,72,L
193,1,锐利的,3,3-5穿刺伤害,弓、剑、矛,records\item\lootmagicalaffixes\prefix\default\offensive_damagepierce_01.dbr,72,L
146,1,防卫者的,12,+1到防御专精的技能,盾、项链,records\item\lootmagicalaffixes\prefix\default\character_skillmasteryb_01.dbr,73,M
185,1,防护的,3,+10%冰冷抗性,臂、盾、戒,records\item\lootmagicalaffixes\prefix\default\defensive_resistcold_01.dbr,70,J
186,1,防护的,3,+10%火焰抗性,臂、盾、戒,records\item\lootmagicalaffixes\prefix\default\defensive_resistfire_01.dbr,70,J
187,1,防护的,3,+10%闪电抗性,臂、盾、戒,records\item\lootmagicalaffixes\prefix\default\defensive_resistlightning_01.dbr,75,O
118,1,隔绝的,15,+23%冰冷抗性,臂、盾、戒,records\item\lootmagicalaffixes\prefix\default\defensive_resistcold_02.dbr,70,J
119,1,隔绝的,15,+23%火焰抗性,臂、盾、戒,records\item\lootmagicalaffixes\prefix\default\defensive_resistfire_02.dbr,70,J
120,1,隔绝的,15,+23%闪电抗性,臂、盾、戒,records\item\lootmagicalaffixes\prefix\default\defensive_resistlightning_02.dbr,75,O
17,1,雷电的,42,16-67闪电伤害,锤、斧、弓,records\item\lootmagicalaffixes\prefix\default\offensive_damagelightning_05.dbr,75,O
192,1,静电的,3,1-7闪电伤害,锤、斧、弓,records\item\lootmagicalaffixes\prefix\default\offensive_damagelightning_01.dbr,75,O
198,1,驯兽者的,3,[所有宠物]+5%元素伤害+8元素伤害,戒指、项链,records\xpack\item\lootmagicalaffixes\prefix\default\petbonus_elementaldmg_01.dbr,77,Q
199,1,驯兽者的,3,[所有宠物]+5%活力伤害+8活力伤害,戒指、项链,records\xpack\item\lootmagicalaffixes\prefix\default\petbonus_lifedmg_01.dbr,72,L
200,1,驯兽者的,3,[所有宠物]+10伤害+5%伤害,戒指、项链,records\xpack\item\lootmagicalaffixes\prefix\default\petbonus_physicaldmg_01.dbr,76,P
173,1,麻木的,8,5-11冰冷伤害,锤、斧、弓,records\item\lootmagicalaffixes\prefix\default\offensive_damagecold_02.dbr,70,J
207,2,不朽之,45,+450生命,臂、盾、弓,records\item\lootmagicalaffixes\suffix\default\character_attributelife_06.dbr,73,M
246,2,专家之,28,+55防御能力,臂、盾、戒,records\item\lootmagicalaffixes\suffix\default\character_abilitydefensive_05.dbr,76,P
247,2,专家之,28,+55战斗能力,锤、盾、斧,records\item\lootmagicalaffixes\suffix\default\character_abilityoffensive_05.dbr,76,P
213,2,众神之,42,500生命+500法力+10%所有伤害,胸,records\xpack\item\lootmagicalaffixes\suffix\default\rare_healthmanatotaldmg_03.dbr,79,S
214,2,优雅之,40,+33敏捷,臂、锤、盾,records\item\lootmagicalaffixes\suffix\default\character_attributedexterity_05.dbr,78,R
267,2,传奇之,24,+40%毒素伤害+35%毒素抗性-每秒7点生命恢复+25毒素伤害反击*6,头,records\xpack\item\lootmagicalaffixes\suffix\default\rare_%xp%elementalresist_03.dbr,80,T
236,2,促进之,34,+65%减速抗性,臂、头、腿,records\xpack\item\lootmagicalaffixes\suffix\default\defensive_resistslow_03.dbr,76,P
307,2,保护之,12,+9%护甲防御,胸,records\item\lootmagicalaffixes\suffix\default\defensive_%protection_01.dbr,71,K
326,2,再生之,8,+50%生命恢复速度,臂、盾、头,records\item\lootmagicalaffixes\suffix\default\character_regenlife_02.dbr,69,I
269,2,冠军之,24,100生命+100法力+5%所有伤害,胸,records\xpack\item\lootmagicalaffixes\suffix\default\rare_healthmanatotaldmg_01.dbr,79,S
226,2,冬之,36,+28冰冷伤害+24%冰冷伤害,杖,records\item\lootmagicalaffixes\suffix\default\offensive_+%cold_04.dbr,66,F
294,2,冰之,15,+12冰冷伤害+13%冰冷伤害,锤、斧、弓,records\item\lootmagicalaffixes\suffix\default\offensive_+%cold_02.dbr,66,F
266,2,分解之,25,降低护甲防御58点持续3秒,锤、斧、矛,records\item\lootmagicalaffixes\suffix\default\offensive_reducedprotection_03.dbr,77,Q
305,2,刚强之,12,+18力量,臂、锤、盾,records\item\lootmagicalaffixes\suffix\default\character_attributestrength_03.dbr,77,Q
325,2,力气之,8,+11力量,臂、锤、盾,records\item\lootmagicalaffixes\suffix\default\character_attributestrength_02.dbr,77,Q
289,2,动力之,15,+42%减速抗性,臂、头、腿,records\xpack\item\lootmagicalaffixes\suffix\default\defensive_resistslow_02.dbr,76,P
216,2,博学之,40,+33智力,臂、锤、盾,records\item\lootmagicalaffixes\suffix\default\character_attributeintelligence_05.dbr,81,U
256,2,占星家之,25,+5%智力+10%法力-15%冷却时间(本人验证为不减CD，待查),头(法),records\xpack\item\lootmagicalaffixes\suffix\default\rare_%cooldown%mana_01.dbr,75,O
311,2,卤莽权力之,11,+30%伤害+10%攻击速度+8%力量-每秒1点生命恢复,锤、斧、剑,records\item\lootmagicalaffixes\suffix\default\rare_%dmg%str-liferegen_01.dbr,73,M
244,2,叛逆者之,30,+25%攻击伤害转换为自身生命+30点战斗能力+33%降低抗性持续3秒,？,records\item\lootmagicalaffixes\suffix\default\rare_betrayer_01.dbr,63,C
308,2,可靠之,12,+40%法力吸收抵抗+50%眩晕抵抗+每秒1点生命恢复,头,records\item\lootmagicalaffixes\suffix\default\defensive_stunresist_02.dbr,70,J
245,2,名望之,28,+8%元素抗性+3%经验增加,头,records\xpack\item\lootmagicalaffixes\suffix\default\rare_%xp%elementalresist_02.dbr,80,T
282,2,吞吃之,18,+7活力伤害+7%攻击伤害转化为自身生命+18%生命吸收,锤、斧、弓,records\item\lootmagicalaffixes\suffix\default\offensive_damage%lifeleech_01.dbr,76,P
306,2,和谐之,12,-8%冷却时间,盾、头(法),records\item\lootmagicalaffixes\suffix\default\character_cooldownreduction_01.dbr,77,Q
206,2,噩梦之,45,+60活力伤害+10%几率发动3秒眩晕,锤、斧、弓,records\xpack\item\lootmagicalaffixes\suffix\default\rare_lifedmgreducedresist_03.dbr,81,U
339,2,圈套之,7,+25穿刺伤害+15移动速度,弓、腿(战),records\item\lootmagicalaffixes\suffix\default\rare_speedrun%pierce_01.dbr,70,J
228,2,地狱火之,36,+28火焰伤害+24%火焰伤害,杖,records\item\lootmagicalaffixes\suffix\default\offensive_+%fire_04.dbr,66,F
235,2,坚韧之,34,+65%睡眠抗性,臂、头、腿,records\xpack\item\lootmagicalaffixes\suffix\default\defensive_resistsleep_03.dbr,77,Q
230,2,塞壬之,36,+15%元素伤害+15%燃烧法力(50%燃烧法力并造成伤害)+10%发动5秒混乱,？,records\item\lootmagicalaffixes\suffix\default\rare_siren_01.dbr,60,@
254,2,复仇之,28,15%几率发动19-25点生命吸取反击,盾、头、胸,records\item\lootmagicalaffixes\suffix\default\retaliation_leechlife_03.dbr,71,K
262,2,复兴之,25,+80%生命恢复速度,臂、盾、头,records\item\lootmagicalaffixes\suffix\default\character_regenlife_04.dbr,69,I
290,2,天资之,15,+35防御能力,臂、盾、戒,records\item\lootmagicalaffixes\suffix\default\character_abilitydefensive_03.dbr,76,P
291,2,天资之,15,+35战斗能力,锤、盾、斧,records\item\lootmagicalaffixes\suffix\default\character_abilityoffensive_03.dbr,76,P
354,2,奴役之,3,[所有宠物]+10护甲+40生命,戒指、项链,records\xpack\item\lootmagicalaffixes\suffix\default\petbonus_healtharmor_01.dbr,76,P
271,2,威力之,22,+45防御能力,臂、盾、戒,records\item\lootmagicalaffixes\suffix\default\character_abilitydefensive_04.dbr,76,P
272,2,威力之,22,+45战斗能力,锤、盾、斧,records\item\lootmagicalaffixes\suffix\default\character_abilityoffensive_04.dbr,76,P
220,2,守护之,40,+23%护甲防御,胸,records\item\lootmagicalaffixes\suffix\default\defensive_%protection_03.dbr,71,K
268,2,安慰之,24,+6%几率发动100%物理伤害抗性（无持续时间疑为失败品）,头、胸,records\xpack\item\lootmagicalaffixes\suffix\default\rare_chancetoresistall_02.dbr,78,R
309,2,屠杀之,12,+7伤害+20%伤害,锤、斧、弓,records\item\lootmagicalaffixes\suffix\default\offensive_+%damage_02.dbr,68,H
336,2,巨针之,8,15%几率发动9-15点穿刺反击,盾、头、胸,records\item\lootmagicalaffixes\suffix\default\retaliation_pierce_01.dbr,68,H
318,2,巨风之,11,+15%移动速度+5%敏捷,盾、弓、矛,records\item\lootmagicalaffixes\suffix\default\rare_speedattack%dex_01.dbr,70,J
331,2,巫术之,8,+50%伤害对亡灵,锤,records\item\lootmagicalaffixes\suffix\default\offensive_+%damage to undead_01.dbr,78,R
292,2,幸存之,15,+145生命,臂、盾、弓,records\item\lootmagicalaffixes\suffix\default\character_attributelife_03.dbr,73,M
265,2,庇护之,25,+16%护甲防御,胸,records\item\lootmagicalaffixes\suffix\default\defensive_%protection_02.dbr,71,K
284,2,庇护之,18,+8%护甲防御+25点防御能力,盾、胸,records\item\lootmagicalaffixes\suffix\default\rare_da%protect_01.dbr,65,E
356,2,强制之,3,[所有宠物]+40护甲+100生命,戒指、项链,records\xpack\item\lootmagicalaffixes\suffix\default\petbonus_healtharmor_03.dbr,76,P
347,2,强壮之,3,+5力量,臂、锤、盾,records\item\lootmagicalaffixes\suffix\default\character_attributestrength_01.dbr,77,Q
327,2,快速之,8,+8%攻击速度,臂、锤、斧,records\item\lootmagicalaffixes\suffix\default\character_speedattack_01.dbr,71,K
323,2,思辨之,8,+11智力,臂、锤、盾,records\item\lootmagicalaffixes\suffix\default\character_attributeintelligence_02.dbr,81,U
263,2,急速之,25,+25%攻击速度,臂、锤、斧,records\item\lootmagicalaffixes\suffix\default\character_speedattack_03.dbr,71,K
280,2,恐怖之,18,+15活力伤害+10%几率发动3秒眩晕,锤、斧、弓,records\xpack\item\lootmagicalaffixes\suffix\default\rare_lifedmgreducedresist_01.dbr,81,U
348,2,恢复之,3,+35%生命恢复速度,臂、盾、头,records\item\lootmagicalaffixes\suffix\default\character_regenlife_01.dbr,69,I
242,2,悲惨之,31,12%减少敌人生命+10%几率发动3秒眩晕,锤、斧、弓,records\xpack\item\lootmagicalaffixes\suffix\default\rare_%life+%stun_01.dbr,72,L
286,2,惩罚之,18,15%几率发动12-18点生命吸取反击,盾、头、胸,records\item\lootmagicalaffixes\suffix\default\retaliation_leechlife_02.dbr,71,K
300,2,憎恨之,12,+25%伤害对兽人,？,records\xpack\item\lootmagicalaffixes\suffix\default\offensive_+%damage to beastmen_01.dbr,86,Z
264,2,战役之,25,+30%移动速度,腿,records\item\lootmagicalaffixes\suffix\default\character_speedrun_03.dbr,68,H
210,2,折磨,44,15%减慢速度持续4秒+15%流血伤害持续4秒+55电击伤害*4（语法有误疑,锤、斧、弓,records\xpack\item\lootmagicalaffixes\suffix\default\rare_-%speedbleeddmg%bleed_03.dbr,82,V
335,2,报复之,8,15%几率发动7-11点生命吸取反击,盾、头、胸,records\item\lootmagicalaffixes\suffix\default\retaliation_leechlife_01.dbr,71,K
232,2,招集之,35,[所有宠物]+20%所有伤害+20%伤害转化为自身生命,项链,records\xpack\item\lootmagicalaffixes\suffix\default\rare_petbonus_%totaldmg%dmgtolife_01.dbr,89,
346,2,持久之,3,+60生命,臂、盾、弓,records\item\lootmagicalaffixes\suffix\default\character_attributelife_01.dbr,73,M
223,2,控制之,38,+65防御能力,臂、盾、戒,records\item\lootmagicalaffixes\suffix\default\character_abilitydefensive_06.dbr,76,P
224,2,控制之,38,+65战斗能力,锤、盾、斧,records\item\lootmagicalaffixes\suffix\default\character_abilityoffensive_06.dbr,76,P
321,2,敏捷之,8,+11敏捷,臂、锤、盾,records\item\lootmagicalaffixes\suffix\default\character_attributedexterity_02.dbr,78,R
304,2,敏锐之,12,+18智力,臂、锤、盾,records\item\lootmagicalaffixes\suffix\default\character_attributeintelligence_03.dbr,81,U
182,2,救援之,5,+4%几率发动100%物理伤害抗性（无持续时间疑为失败品）,头、胸,records\xpack\item\lootmagicalaffixes\suffix\default\rare_chancetoresistall_01.dbr,78,R
251,2,救济之,28,+13%护甲防御+35点防御能力,胸,records\item\lootmagicalaffixes\suffix\default\rare_da%protect_02.dbr,65,E
349,2,旅之,3,+10%移动速度,腿,records\item\lootmagicalaffixes\suffix\default\character_speedrun_01.dbr,68,H
328,2,旅程之,8,+20%移动速度,腿,records\item\lootmagicalaffixes\suffix\default\character_speedrun_02.dbr,68,H
204,2,无上之,46,+75防御能力,臂、盾、戒,records\item\lootmagicalaffixes\suffix\default\character_abilitydefensive_07.dbr,76,P
205,2,无上之,46,+75战斗能力,锤、盾、斧,records\item\lootmagicalaffixes\suffix\default\character_abilityoffensive_07.dbr,76,P
340,2,晕倒之,5,5%几率发动2秒眩晕,锤、斧、弓,records\item\lootmagicalaffixes\suffix\default\offensive_stun_02.dbr,64,D
352,2,晕眩之,3,5%几率发动1.5秒眩晕,锤、斧、弓,records\item\lootmagicalaffixes\suffix\default\offensive_stun_01.dbr,64,D
211,2,暂缓,43,+8%几率发动100%物理伤害抗性（无持续时间疑为失败品）,头、胸,records\xpack\item\lootmagicalaffixes\suffix\default\rare_chancetoresistall_03.dbr,78,R
276,2,暴风之,21,+21闪电伤害+18%闪电伤害,锤、斧、弓,records\item\lootmagicalaffixes\suffix\default\offensive_+%lightning_03.dbr,71,K
303,2,本质之,12,+43法力+12%法力恢复速度,臂、盾、戒,records\item\lootmagicalaffixes\suffix\default\character_attributeenergy_03.dbr,75,O
257,2,机敏之,25,+26敏捷,臂、锤、盾,records\item\lootmagicalaffixes\suffix\default\character_attributedexterity_04.dbr,78,R
217,2,权利之,40,+33力量,臂、锤、盾,records\item\lootmagicalaffixes\suffix\default\character_attributestrength_05.dbr,77,Q
215,2,权力之,40,+90法力+18%法力恢复速度,臂、盾、戒,records\item\lootmagicalaffixes\suffix\default\character_attributeenergy_05.dbr,75,O
313,2,林地之,11,+20%穿刺伤害+50%生命恢复速度+8%几率躲避投射物+35%减少来自野兽的,臂、胸,records\item\lootmagicalaffixes\suffix\default\rare_glade_armor_01.dbr,66,F
314,2,林地之,11,+20%穿刺伤害+每秒1点生命恢复速度+15%移动速度+35%减少来自野兽的,腿,records\item\lootmagicalaffixes\suffix\default\rare_glade_legarmor_01.dbr,69,I
351,2,毁灭之,3,+3伤害+14%伤害,锤、斧、弓,records\item\lootmagicalaffixes\suffix\default\offensive_+%damage_01.dbr,68,H
288,2,毅力之,15,+42%睡眠抗性,臂、头、腿,records\xpack\item\lootmagicalaffixes\suffix\default\defensive_resistsleep_02.dbr,77,Q
239,2,永恒之,34,+315生命,臂、盾、弓,records\item\lootmagicalaffixes\suffix\default\character_attributelife_05.dbr,73,M
261,2,沉思之,25,-13%冷却时间,盾、头(法),records\item\lootmagicalaffixes\suffix\default\character_cooldownreduction_02.dbr,77,Q
258,2,法力之,25,+53法力+15%法力恢复速度,臂、盾、戒,records\item\lootmagicalaffixes\suffix\default\character_attributeenergy_04.dbr,75,O
248,2,活力之,28,+215生命,臂、盾、弓,records\item\lootmagicalaffixes\suffix\default\character_attributelife_04.dbr,73,M
249,2,浩劫之,28,5%几率发动3秒眩晕+40%伤害,锤、斧、剑,records\item\lootmagicalaffixes\suffix\default\rare_%damagestun_03.dbr,66,F
310,2,混乱之,11,5%几率发动1.5秒眩晕+20%伤害,锤、斧、剑,records\item\lootmagicalaffixes\suffix\default\rare_%damagestun_01.dbr,66,F
277,2,混沌之,21,5%几率发动2秒眩晕+30%伤害,锤、斧、剑,records\item\lootmagicalaffixes\suffix\default\rare_%damagestun_02.dbr,66,F
332,2,火之,8,+6火焰伤害+8%火焰伤害,锤、斧、弓,records\item\lootmagicalaffixes\suffix\default\offensive_+%fire_01.dbr,66,F
227,2,灭绝之,36,+24伤害+34%伤害,锤、斧、弓,records\item\lootmagicalaffixes\suffix\default\offensive_+%damage_04.dbr,68,H
343,2,灵巧之,3,+5敏捷,臂、锤、盾,records\item\lootmagicalaffixes\suffix\default\character_attributedexterity_01.dbr,78,R
295,2,焰之,15,+12火焰伤害+13%火焰伤害,锤、斧、弓,records\item\lootmagicalaffixes\suffix\default\offensive_+%fire_02.dbr,66,F
212,2,狮鹫之,43,+12元素伤害+21%元素伤害+14%攻击速度,臂,records\item\lootmagicalaffixes\suffix\default\rare_gryphon_04.dbr,62,B
233,2,狮鹫之,35,+8元素伤害+21%元素伤害+12%攻击速度,臂,records\item\lootmagicalaffixes\suffix\default\rare_gryphon_03.dbr,62,B
278,2,狮鹫之,21,+5元素伤害+21%元素伤害+10%攻击速度,臂,records\item\lootmagicalaffixes\suffix\default\rare_gryphon_02.dbr,62,B
315,2,狮鹫之,11,+3元素伤害+21%元素伤害+8%攻击速度,臂,records\item\lootmagicalaffixes\suffix\default\rare_gryphon_01.dbr,62,B
285,2,狸猫之,18,+8%所有速度,项链,records\item\lootmagicalaffixes\suffix\default\rare_speedall_01.dbr,63,C
234,2,猎鹰之,35,+28穿刺伤害+25%穿刺伤害,弓、剑、矛,records\item\lootmagicalaffixes\suffix\default\rare_pierce%pierce_04.dbr,68,H
209,2,猛虎之,45,+18%所有速度,项链,records\item\lootmagicalaffixes\suffix\default\rare_speedall_03.dbr,63,C
203,2,猛鹫之,47,+36穿刺伤害+30%穿刺伤害,弓、剑、矛,records\item\lootmagicalaffixes\suffix\default\rare_pierce%pierce_05.dbr,68,H
253,2,猞猁之,28,+13%所有速度,项链,records\item\lootmagicalaffixes\suffix\default\rare_speedall_02.dbr,63,C
279,2,猫头鹰之,21,+16穿刺伤害+15%穿刺伤害,弓、剑、戒,records\item\lootmagicalaffixes\suffix\default\rare_pierce%pierce_02.dbr,68,H
324,2,生命之,8,+95生命,臂、盾、弓,records\item\lootmagicalaffixes\suffix\default\character_attributelife_02.dbr,73,M
270,2,疼痛之,22,15%减慢速度持续4秒+10%流血伤害持续4秒+15电击伤害*4（语法有误疑,锤、斧、弓,records\xpack\item\lootmagicalaffixes\suffix\default\rare_-%speedbleeddmg%bleed_01.dbr,82,V
243,2,痛苦之,31,+35活力伤害+10%几率发动3秒眩晕,锤、斧、弓,records\xpack\item\lootmagicalaffixes\suffix\default\rare_lifedmgreducedresist_02.dbr,81,U
297,2,瘫痪之,15,5%几率发动3秒眩晕,锤、斧、弓,records\item\lootmagicalaffixes\suffix\default\offensive_stun_03.dbr,64,D
275,2,硫磺之,21,+21火焰伤害+18%火焰伤害,锤、斧、弓,records\item\lootmagicalaffixes\suffix\default\offensive_+%fire_03.dbr,66,F
350,2,稳定之,3,+20%法力吸收抵抗+30%眩晕抵抗+每秒1点生命恢复,头,records\item\lootmagicalaffixes\suffix\default\defensive_stunresist_01.dbr,70,J
221,2,粉碎之,40,降低护甲防御101点持续3秒,锤、斧、矛,records\item\lootmagicalaffixes\suffix\default\offensive_reducedprotection_04.dbr,77,Q
302,2,精巧之,12,+18敏捷,臂、锤、盾,records\item\lootmagicalaffixes\suffix\default\character_attributedexterity_03.dbr,78,R
322,2,精神之,8,+33法力+9%法力恢复速度,臂、盾、戒,records\item\lootmagicalaffixes\suffix\default\character_attributeenergy_02.dbr,75,O
319,2,精通之,8,+25防御能力,臂、盾、戒,records\item\lootmagicalaffixes\suffix\default\character_abilitydefensive_02.dbr,76,P
320,2,精通之,8,+25战斗能力,锤、盾、斧,records\item\lootmagicalaffixes\suffix\default\character_abilityoffensive_02.dbr,76,P
353,2,纪律之,3,+25%睡眠抗性,臂、头、腿,records\xpack\item\lootmagicalaffixes\suffix\default\defensive_resistsleep_01.dbr,77,Q
273,2,结晶之,21,+21冰冷伤害+18%冰冷伤害,锤、斧、弓,records\item\lootmagicalaffixes\suffix\default\offensive_+%cold_03.dbr,66,F
260,2,肌力之,25,+26力量,臂、锤、盾,records\item\lootmagicalaffixes\suffix\default\character_attributestrength_04.dbr,77,Q
341,2,能力之,3,+15防御能力,臂、盾、戒,records\item\lootmagicalaffixes\suffix\default\character_abilitydefensive_01.dbr,76,P
342,2,能力之,3,+15战斗能力,锤、盾、斧,records\item\lootmagicalaffixes\suffix\default\character_abilityoffensive_01.dbr,76,P
344,2,能量之,3,+23法力+6%法力恢复速度,臂、盾、戒,records\item\lootmagicalaffixes\suffix\default\character_attributeenergy_01.dbr,75,O
334,2,腐烂之,8,降低护甲防御13点持续3秒,锤、斧、矛,records\item\lootmagicalaffixes\suffix\default\offensive_reducedprotection_01.dbr,77,Q
283,2,腐蚀之,18,降低护甲防御27点持续3秒,锤、斧、矛,records\item\lootmagicalaffixes\suffix\default\offensive_reducedprotection_02.dbr,77,Q
238,2,自由之,34,+50%睡眠抵抗、眩晕抵抗、减少陷阱持续时间、减少冰冻持续时间、缓,腿,records\xpack\item\lootmagicalaffixes\suffix\default\rare_resistmobilityimpairment_03.dbr,85,Y
240,2,苦恼之,33,15%减慢速度持续4秒+12%流血伤害持续4秒+28电击伤害*4（语法有误疑,锤、斧、弓,records\xpack\item\lootmagicalaffixes\suffix\default\rare_-%speedbleeddmg%bleed_02.dbr,82,V
237,2,英雄之,34,250生命+250法力+7%所有伤害,胸,records\xpack\item\lootmagicalaffixes\suffix\default\rare_healthmanatotaldmg_02.dbr,79,S
287,2,荆棘之,18,15%几率发动18-25点穿刺反击,盾、头、胸,records\item\lootmagicalaffixes\suffix\default\retaliation_pierce_02.dbr,68,H
301,2,蜘蛛女皇之,12,+50%伤害对野兽,？,records\xpack\item\lootmagicalaffixes\suffix\default\offensive_+%damage to beasts_01.dbr,84,X
345,2,见识之,3,+5智力,臂、锤、盾,records\item\lootmagicalaffixes\suffix\default\character_attributeintelligence_01.dbr,81,U
298,2,诡计之,15,+15%攻击速度+8%几率避开近身攻击,臂(战)、锤,records\item\lootmagicalaffixes\suffix\default\rare_speedattack%dodge_01.dbr,72,L
337,2,诡诈之,7,+50%流血伤害+30%毒素伤害+11%几率躲避投射物,臂(战)、项,records\item\lootmagicalaffixes\suffix\default\rare_guile_01.dbr,60,@
241,2,贪吃之,32,+17活力伤害+15%攻击伤害转化为自身生命+35%生命吸收,锤、斧、弓,records\item\lootmagicalaffixes\suffix\default\offensive_damage%lifeleech_02.dbr,76,P
299,2,跟踪之,12,+40%伤害对昆虫,？,records\xpack\item\lootmagicalaffixes\suffix\default\offensive_+%damage to insectoids_01.dbr,88,
274,2,蹂躏之,21,+15伤害+27%伤害,锤、斧、弓,records\item\lootmagicalaffixes\suffix\default\offensive_+%damage_03.dbr,68,H
219,2,轻快之,40,+35%攻击速度,臂、锤、斧,records\item\lootmagicalaffixes\suffix\default\character_speedattack_04.dbr,71,K
293,2,迅速之,15,+15%攻击速度,臂、锤、斧,records\item\lootmagicalaffixes\suffix\default\character_speedattack_02.dbr,71,K
312,2,远见之,11,+10%智力+10%法力,头(法)、项,records\item\lootmagicalaffixes\suffix\default\rare_%int%energy_01.dbr,66,F
357,2,通畅之,3,+25%睡眠抵抗、眩晕抵抗、减少陷阱持续时间、减少冰冻持续时间、缓,腿,records\xpack\item\lootmagicalaffixes\suffix\default\rare_resistmobilityimpairment_01.dbr,85,Y
208,2,避难之,45,+18%护甲防御+45点防御能力,胸,records\item\lootmagicalaffixes\suffix\default\rare_da%protect_03.dbr,65,E
231,2,重击之,35,3%几率发动75%减少敌人生命,戒指、项链,records\xpack\item\lootmagicalaffixes\suffix\default\rare_%chanceof%life_01.dbr,75,O
225,2,重生之,36,+85%生命恢复速度,臂、盾、头,records\item\lootmagicalaffixes\suffix\default\character_regenlife_05.dbr,69,I
317,2,野兽之,11,+8%生命+30%几率发动10-16穿刺反击,胸,records\item\lootmagicalaffixes\suffix\default\rare_pierceret%life_01.dbr,69,I
355,2,镇压之,3,[所有宠物]+25护甲+75生命,戒指、项链,records\xpack\item\lootmagicalaffixes\suffix\default\petbonus_healtharmor_02.dbr,76,P
296,2,闪电之,15,+12闪电伤害+13%闪电伤害,锤、斧、弓,records\item\lootmagicalaffixes\suffix\default\offensive_+%lightning_02.dbr,71,K
218,2,集中之,40,-18%冷却时间,盾、头(法),records\item\lootmagicalaffixes\suffix\default\character_cooldownreduction_03.dbr,77,Q
333,2,雷之,8,+6闪电伤害+8%闪电伤害,锤、斧、弓,records\item\lootmagicalaffixes\suffix\default\offensive_+%lightning_01.dbr,71,K
329,2,霜之,8,+6冰冷伤害+8%冰冷伤害,锤、斧、弓,records\item\lootmagicalaffixes\suffix\default\offensive_+%cold_01.dbr,66,F
250,2,预兆之,28,+15%智力+15%法力,头(法)、项,records\item\lootmagicalaffixes\suffix\default\rare_%int%energy_02.dbr,66,F
222,2,预言之,39,+20%智力+20%法力,头(法)、项,records\item\lootmagicalaffixes\suffix\default\rare_%int%energy_03.dbr,66,F
259,2,领悟之,25,+26智力,臂、锤、盾,records\item\lootmagicalaffixes\suffix\default\character_attributeintelligence_04.dbr,81,U
229,2,风暴之,36,+28闪电伤害+24%闪电伤害,杖,records\item\lootmagicalaffixes\suffix\default\offensive_+%lightning_04.dbr,71,K
338,2,飞马之,7,+15%元素伤害+18%元素抗性+15%移动速度,腿,records\item\lootmagicalaffixes\suffix\default\rare_pegasus_01.dbr,62,B
330,2,鬼神之,8,+50%伤害对恶魔,锤,records\item\lootmagicalaffixes\suffix\default\offensive_+%damage to demons_01.dbr,78,R
255,2,鱼钩之,28,15%几率发动28-35点穿刺反击,盾、头、胸,records\item\lootmagicalaffixes\suffix\default\retaliation_pierce_03.dbr,68,H
316,2,鱼鹰之,11,+10穿刺伤害+10%穿刺伤害,弓、剑、戒,records\item\lootmagicalaffixes\suffix\default\rare_pierce%pierce_01.dbr,68,H
252,2,鹰隼之,28,+20穿刺伤害+20%穿刺伤害,弓、剑、矛,records\item\lootmagicalaffixes\suffix\default\rare_pierce%pierce_03.dbr,68,H
