Difficulty,Affix Type,Affix,"% Affix weight
(inside rand table)","% Affix drop chance
(all rand tables)","Table
DB Record","Randomizer
DB Record"
Epic,Prefix,Treacherous,0.45004500450045,0.0214307145000214,xpack/staffb_e04.dbr,rare_oa%currentlife_01.dbr
Epic,Prefix,Philosopher's,2.25022502250225,0.107153572500107,xpack/staffb_e04.dbr,character_attributeenergy_05.dbr
Epic,Prefix,Murderous,0.675067506750675,0.0321460717500321,xpack/staffb_e04.dbr,rare_oa%currentlife_02.dbr
Epic,Prefix,Rune Sage's ,1.8001800180018,0.0857228580000857,xpack/staffb_e04.dbr,xpack2/character_skillmasteryrunes_02.dbr
Epic,Prefix,Molten,0.585058505850585,0.0278599288500279,xpack/staffb_e04.dbr,rare_fireburn_02.dbr
Epic,Prefix,Savant's,27.002700270027,1.28584287000129,xpack/staffb_e04.dbr,character_attributeenergy_04.dbr
Epic,Prefix,Volcanic,0.585058505850585,0.0278599288500279,xpack/staffb_e04.dbr,rare_fireburn_03.dbr
Epic,Prefix,Shaman's,1.71017101710171,0.0814367151000814,xpack/staffb_e04.dbr,character_skillmasteryg_01.dbr
Epic,Prefix,Dreamweaver's,1.71017101710171,0.0814367151000814,xpack/staffb_e04.dbr,xpack/character_skillmasterydream_01.dbr
Epic,Prefix,Nullifying,4.5004500450045,0.214307145000214,xpack/staffb_e04.dbr,defensive_resistelemental_03.dbr
Epic,Prefix,Negating,4.5004500450045,0.214307145000214,xpack/staffb_e04.dbr,defensive_resistelemental_02.dbr
Epic,Prefix,Druid's,1.71017101710171,0.0814367151000814,xpack/staffb_e04.dbr,character_skillmasteryf_02.dbr
Epic,Prefix,Glacial,0.585058505850585,0.0278599288500279,xpack/staffb_e04.dbr,rare_coldslow_02.dbr
Epic,Prefix,Aristotle's,0.36003600360036,0.0171445716000171,xpack/staffb_e04.dbr,rare_intmana_02.dbr
Epic,Prefix,Dreadful,1.57515751575158,0.075007500750075,xpack/staffb_e04.dbr,rare_dreadful_weapon_04.dbr
Epic,Prefix,Evoker's,1.71017101710171,0.0814367151000814,xpack/staffb_e04.dbr,character_skillmasteryh_02.dbr
Epic,Prefix,Stormcaller's,1.71017101710171,0.0814367151000814,xpack/staffb_e04.dbr,character_skillmasteryh_01.dbr
Epic,Prefix,Arctic,0.585058505850585,0.0278599288500279,xpack/staffb_e04.dbr,rare_coldslow_03.dbr
Epic,Prefix,Lithe,27.002700270027,1.28584287000129,xpack/staffb_e04.dbr,character_reducedequipreq_02.dbr
Epic,Prefix,Pyromancer's,1.71017101710171,0.0814367151000814,xpack/staffb_e04.dbr,character_skillmasterye_01.dbr
Epic,Prefix,Plato's,0.81008100810081,0.0385752861000386,xpack/staffb_e04.dbr,rare_intmana_03.dbr
Epic,Prefix,Mentor's,6.75067506750675,0.321460717500321,xpack/staffb_e04.dbr,character_attributeenergy_03.dbr
Epic,Prefix,Augur's,1.71017101710171,0.0814367151000814,xpack/staffb_e04.dbr,xpack/character_skillmasterydream_02.dbr
Epic,Prefix,Dreadful,1.08010801080108,0.0514337148000514,xpack/staffb_e04.dbr,rare_dreadful_weapon_05.dbr
Epic,Prefix,Archimage's,1.71017101710171,0.0814367151000814,xpack/staffb_e04.dbr,character_skillmasterye_02.dbr
Epic,Prefix,Wanderer's,1.71017101710171,0.0814367151000814,xpack/staffb_e04.dbr,character_skillmasteryf_01.dbr
Epic,Prefix,Theurgist's,1.71017101710171,0.0814367151000814,xpack/staffb_e04.dbr,character_skillmasteryg_02.dbr
Epic,Prefix,Runemaster's ,1.8001800180018,0.0857228580000857,xpack/staffb_e04.dbr,xpack2/character_skillmasteryrunes_01.dbr
Epic,Suffix,of Clout,9.88319856244385,0.658879904162923,xpack/torsomelee_e04.dbr,character_attributestrength_04.dbr
Epic,Suffix,of Expertise,3.59389038634322,0.239592692422881,xpack/torsomelee_e04.dbr,character_abilitydefensive_05.dbr
Epic,Suffix,of Erudition,0.898472596585804,0.0598981731057203,xpack/torsomelee_e04.dbr,character_attributeintelligence_05.dbr
Epic,Suffix,of Permanence,5.39083557951483,0.359389038634322,xpack/torsomelee_e04.dbr,character_attributelife_05.dbr
Epic,Suffix,of Respite,0.718778077268643,0.0479185384845762,xpack/torsomelee_e04.dbr,xpack/rare_chancetoresistall_03.dbr
Epic,Suffix,of Immortality,0.898472596585804,0.0598981731057203,xpack/torsomelee_e04.dbr,character_attributelife_06.dbr
Epic,Suffix,of Power,0.898472596585804,0.0598981731057203,xpack/torsomelee_e04.dbr,character_attributeenergy_05.dbr
Epic,Suffix,of Shelter,2.33602875112309,0.155735250074873,xpack/torsomelee_e04.dbr,defensive_%protection_02.dbr
Epic,Suffix,of Adroitness,9.88319856244385,0.658879904162923,xpack/torsomelee_e04.dbr,character_attributedexterity_04.dbr
Epic,Suffix,of Mastery,1.34770889487871,0.0898472596585804,xpack/torsomelee_e04.dbr,character_abilitydefensive_06.dbr
Epic,Suffix,of Vengeance,2.69541778975741,0.179694519317161,xpack/torsomelee_e04.dbr,retaliation_leechlife_03.dbr
Epic,Suffix,of Grace,0.898472596585804,0.0598981731057203,xpack/torsomelee_e04.dbr,character_attributedexterity_05.dbr
Epic,Suffix,of Barbs,3.59389038634322,0.239592692422881,xpack/torsomelee_e04.dbr,retaliation_pierce_03.dbr
Epic,Suffix,of Fortitude,1.79694519317161,0.119796346211441,xpack/torsomelee_e04.dbr,xpack/defensive_resistsleep_03.dbr
Epic,Suffix,of Willpower,1.79694519317161,0.119796346211441,xpack/torsomelee_e04.dbr,xpack/defensive_resistsleep_02.dbr
Epic,Suffix,of the Mammoth,1.43755615453729,0.0958370769691524,xpack/torsomelee_e04.dbr,rare_mammoth_01.dbr
Epic,Suffix,of Asylum,0.628930817610063,0.0419287211740042,xpack/torsomelee_e04.dbr,rare_da%protect_02.dbr
Epic,Suffix,of Retribution,2.69541778975741,0.179694519317161,xpack/torsomelee_e04.dbr,retaliation_leechlife_02.dbr
Epic,Suffix,of Regeneration,1.79694519317161,0.119796346211441,xpack/torsomelee_e04.dbr,character_regenlife_05.dbr
Epic,Suffix,of Protection,0.898472596585804,0.0598981731057203,xpack/torsomelee_e04.dbr,defensive_%protection_01.dbr
Epic,Suffix,of Renewal,5.39083557951483,0.359389038634322,xpack/torsomelee_e04.dbr,character_regenlife_04.dbr
Epic,Suffix,of Warding,1.34770889487871,0.0898472596585804,xpack/torsomelee_e04.dbr,defensive_%protection_03.dbr
Epic,Suffix,of Impetus,4.04312668463612,0.269541778975741,xpack/torsomelee_e04.dbr,xpack/defensive_resistslow_03.dbr
Epic,Suffix,of Vitality,4.49236298292902,0.299490865528601,xpack/torsomelee_e04.dbr,character_attributelife_04.dbr
Epic,Suffix,of Momentum,4.04312668463612,0.269541778975741,xpack/torsomelee_e04.dbr,xpack/defensive_resistslow_02.dbr
Epic,Suffix,of Refuge,0.269541778975741,0.0179694519317161,xpack/torsomelee_e04.dbr,rare_da%protect_01.dbr
Epic,Suffix,of the Glade,0.359389038634322,0.0239592692422881,xpack/torsomelee_e04.dbr,rare_glade_armor_01.dbr
Epic,Suffix,of the Wilds,0.898472596585804,0.0598981731057203,xpack/torsomelee_e04.dbr,rare_pierceret%life_01.dbr
Epic,Suffix,of Intellect,9.88319856244385,0.658879904162923,xpack/torsomelee_e04.dbr,character_attributeintelligence_04.dbr
Epic,Suffix,of Heroes,0.808625336927224,0.0539083557951482,xpack/torsomelee_e04.dbr,xpack/rare_healthmanatotaldmg_02.dbr
Epic,Suffix,of Thorns,3.59389038634322,0.239592692422881,xpack/torsomelee_e04.dbr,retaliation_pierce_02.dbr
Epic,Suffix,of Mana,9.88319856244385,0.658879904162923,xpack/torsomelee_e04.dbr,character_attributeenergy_04.dbr
Epic,Suffix,of Might,0.898472596585804,0.0598981731057203,xpack/torsomelee_e04.dbr,character_attributestrength_05.dbr
Epic,Suffix,of Necromancy,3.10752019888129,0.207168013258753,xpack/staff_e04.dbr,offensive_+%damage to undead_01.dbr
Epic,Suffix,of the Siren,1.55376009944065,0.103584006629376,xpack/staff_e04.dbr,rare_siren_01.dbr
Epic,Suffix,of Permanence,6.21504039776259,0.414336026517506,xpack/staff_e04.dbr,character_attributelife_05.dbr
Epic,Suffix,of Demonology,6.21504039776259,0.414336026517506,xpack/staff_e04.dbr,offensive_+%damage to demons_01.dbr
Epic,Suffix,of Erudition,1.03584006629376,0.0690560044195843,xpack/staff_e04.dbr,character_attributeintelligence_05.dbr
Epic,Suffix,of Alacrity,2.07168013258753,0.138112008839169,xpack/staff_e04.dbr,character_speedattack_04.dbr
Epic,Suffix,of Power,1.03584006629376,0.0690560044195843,xpack/staff_e04.dbr,character_attributeenergy_05.dbr
Epic,Suffix,of Endowment,0.517920033146882,0.0345280022097921,xpack/staff_e04.dbr,character_abilitydefensive_03.dbr
Epic,Suffix,of Nightmares,0.828672053035011,0.0552448035356674,xpack/staff_e04.dbr,xpack/rare_lifedmgreducedresist_03.dbr
Epic,Suffix,of Immortality,1.03584006629376,0.0690560044195843,xpack/staff_e04.dbr,character_attributelife_06.dbr
Epic,Suffix,of Adroitness,11.3942407292314,0.759616048615427,xpack/staff_e04.dbr,character_attributedexterity_04.dbr
Epic,Suffix,of Foresight,1.03584006629376,0.0690560044195843,xpack/staff_e04.dbr,rare_%int%energy_01.dbr
Epic,Suffix,of Grace,1.03584006629376,0.0690560044195843,xpack/staff_e04.dbr,character_attributedexterity_05.dbr
Epic,Suffix,of Speed,4.14336026517506,0.276224017678337,xpack/staff_e04.dbr,character_speedattack_03.dbr
Epic,Suffix,of the Betrayer,1.03584006629376,0.0690560044195843,xpack/staff_e04.dbr,rare_betrayer_01.dbr
Epic,Suffix,of Harrowing,0.828672053035011,0.0552448035356674,xpack/staff_e04.dbr,xpack/rare_%life+%stun_01.dbr
Epic,Suffix,of Quickness,4.14336026517506,0.276224017678337,xpack/staff_e04.dbr,character_speedattack_01.dbr
Epic,Suffix,of Augury,1.03584006629376,0.0690560044195843,xpack/staff_e04.dbr,rare_%int%energy_02.dbr
Epic,Suffix,of Trickery,1.55376009944065,0.103584006629376,xpack/staff_e04.dbr,rare_speedattack%dodge_01.dbr
Epic,Suffix,of Devouring,3.10752019888129,0.207168013258753,xpack/staff_e04.dbr,offensive_damage%lifeleech_02.dbr
Epic,Suffix,of Feasting,3.10752019888129,0.207168013258753,xpack/staff_e04.dbr,offensive_damage%lifeleech_01.dbr
Epic,Suffix,of Proficiency,1.03584006629376,0.0690560044195843,xpack/staff_e04.dbr,character_abilitydefensive_02.dbr
Epic,Suffix,of Agony,0.828672053035011,0.0552448035356674,xpack/staff_e04.dbr,xpack/rare_-%speedbleeddmg%bleed_02.dbr
Epic,Suffix,of Prowess,0.517920033146882,0.0345280022097921,xpack/staff_e04.dbr,character_abilitydefensive_04.dbr
Epic,Suffix,of Divination,0.207168013258753,0.0138112008839169,xpack/staff_e04.dbr,rare_%int%energy_03.dbr
Epic,Suffix,of Vitality,5.17920033146882,0.345280022097921,xpack/staff_e04.dbr,character_attributelife_04.dbr
Epic,Suffix,of Focus,0.932256059664388,0.0621504039776259,xpack/staff_e04.dbr,character_cooldownreduction_03.dbr
Epic,Suffix,of Rumination,0.580070437124508,0.0386713624749672,xpack/staff_e04.dbr,character_cooldownreduction_02.dbr
Epic,Suffix,of Concentration,0.497203231821007,0.0331468821214005,xpack/staff_e04.dbr,character_cooldownreduction_01.dbr
Epic,Suffix,of Intellect,11.3942407292314,0.759616048615427,xpack/staff_e04.dbr,character_attributeintelligence_04.dbr
Epic,Suffix,of Mana,11.3942407292314,0.759616048615427,xpack/staff_e04.dbr,character_attributeenergy_04.dbr
Epic,Suffix,of Dazing,2.07168013258753,0.138112008839169,xpack/staff_e04.dbr,offensive_stun_01.dbr
Epic,Suffix,of Haste,6.21504039776259,0.414336026517506,xpack/staff_e04.dbr,character_speedattack_02.dbr
Epic,Suffix,of Subjugation,3.10752019888129,0.207168013258753,xpack/staff_e04.dbr,xpack/petbonus_healtharmor_02.dbr
Epic,Suffix,of Intellect,10.0273473108478,0.668489820723185,xpack/torsomage_e04.dbr,character_attributeintelligence_04.dbr
Epic,Suffix,of Heroes,0.820419325432999,0.0546946216955333,xpack/torsomage_e04.dbr,xpack/rare_healthmanatotaldmg_02.dbr
Epic,Suffix,of Thorns,2.73473108477666,0.182315405651778,xpack/torsomage_e04.dbr,retaliation_pierce_02.dbr
Epic,Suffix,of Mana,10.0273473108478,0.668489820723185,xpack/torsomage_e04.dbr,character_attributeenergy_04.dbr
Epic,Suffix,of Might,0.911577028258888,0.0607718018839258,xpack/torsomage_e04.dbr,character_attributestrength_05.dbr
Epic,Suffix,of the Glade,0.364630811303555,0.0243087207535703,xpack/torsomage_e04.dbr,rare_glade_armor_01.dbr
Epic,Suffix,of the Wilds,0.911577028258888,0.0607718018839258,xpack/torsomage_e04.dbr,rare_pierceret%life_01.dbr
Epic,Suffix,of Warding,1.36736554238833,0.0911577028258888,xpack/torsomage_e04.dbr,defensive_%protection_03.dbr
Epic,Suffix,of Impetus,4.102096627165,0.273473108477666,xpack/torsomage_e04.dbr,xpack/defensive_resistslow_03.dbr
Epic,Suffix,of Vitality,4.55788514129444,0.303859009419629,xpack/torsomage_e04.dbr,character_attributelife_04.dbr
Epic,Suffix,of Momentum,4.102096627165,0.273473108477666,xpack/torsomage_e04.dbr,xpack/defensive_resistslow_02.dbr
Epic,Suffix,of Refuge,0.273473108477666,0.0182315405651778,xpack/torsomage_e04.dbr,rare_da%protect_01.dbr
Epic,Suffix,of Protection,0.911577028258888,0.0607718018839258,xpack/torsomage_e04.dbr,defensive_%protection_01.dbr
Epic,Suffix,of Renewal,5.46946216955333,0.364630811303555,xpack/torsomage_e04.dbr,character_regenlife_04.dbr
Epic,Suffix,of Regeneration,1.82315405651778,0.121543603767852,xpack/torsomage_e04.dbr,character_regenlife_05.dbr
Epic,Suffix,of Retribution,3.64630811303555,0.243087207535703,xpack/torsomage_e04.dbr,retaliation_leechlife_02.dbr
Epic,Suffix,of Asylum,0.638103919781221,0.0425402613187481,xpack/torsomage_e04.dbr,rare_da%protect_02.dbr
Epic,Suffix,of Fortitude,1.82315405651778,0.121543603767852,xpack/torsomage_e04.dbr,xpack/defensive_resistsleep_03.dbr
Epic,Suffix,of Willpower,1.82315405651778,0.121543603767852,xpack/torsomage_e04.dbr,xpack/defensive_resistsleep_02.dbr
Epic,Suffix,of Grace,0.911577028258888,0.0607718018839258,xpack/torsomage_e04.dbr,character_attributedexterity_05.dbr
Epic,Suffix,of Barbs,2.73473108477666,0.182315405651778,xpack/torsomage_e04.dbr,retaliation_pierce_03.dbr
Epic,Suffix,of Adroitness,10.0273473108478,0.668489820723185,xpack/torsomage_e04.dbr,character_attributedexterity_04.dbr
Epic,Suffix,of Vengeance,3.64630811303555,0.243087207535703,xpack/torsomage_e04.dbr,retaliation_leechlife_03.dbr
Epic,Suffix,of Mastery,1.36736554238833,0.0911577028258888,xpack/torsomage_e04.dbr,character_abilitydefensive_06.dbr
Epic,Suffix,of Immortality,0.911577028258888,0.0607718018839258,xpack/torsomage_e04.dbr,character_attributelife_06.dbr
Epic,Suffix,of Respite,0.72926162260711,0.0486174415071407,xpack/torsomage_e04.dbr,xpack/rare_chancetoresistall_03.dbr
Epic,Suffix,of Power,0.911577028258888,0.0607718018839258,xpack/torsomage_e04.dbr,character_attributeenergy_05.dbr
Epic,Suffix,of Shelter,2.37010027347311,0.158006684898207,xpack/torsomage_e04.dbr,defensive_%protection_02.dbr
Epic,Suffix,of Expertise,3.64630811303555,0.243087207535703,xpack/torsomage_e04.dbr,character_abilitydefensive_05.dbr
Epic,Suffix,of Clout,10.0273473108478,0.668489820723185,xpack/torsomage_e04.dbr,character_attributestrength_04.dbr
Epic,Suffix,of Erudition,0.911577028258888,0.0607718018839258,xpack/torsomage_e04.dbr,character_attributeintelligence_05.dbr
Epic,Suffix,of Permanence,5.46946216955333,0.364630811303555,xpack/torsomage_e04.dbr,character_attributelife_05.dbr
Epic,Prefix,Mountaineer’s,0.910384068278805,0.0433516222989907,xpack/torsomelee_e04.dbr,rare_mountaineers_01.dbr
Epic,Prefix,Lithe,6.20199146514936,0.295332926911874,xpack/torsomelee_e04.dbr,character_reducedequipreq_02.dbr
Epic,Prefix,Curative,1.42247510668563,0.067736909842173,xpack/torsomelee_e04.dbr,defensive_resistpoison_03.dbr
Epic,Prefix,Resistant,7.11237553342817,0.338684549210865,xpack/torsomelee_e04.dbr,defensive_resistcold_03.dbr
Epic,Prefix,Resistant,0.42674253200569,0.0203210729526519,xpack/torsomelee_e04.dbr,defensive_resistmulti_coldfire_03.dbr
Epic,Prefix,Savant's,13.6557610241821,0.650274334484861,xpack/torsomelee_e04.dbr,character_attributeenergy_04.dbr
Epic,Prefix,Veteran’s,1.22332859174964,0.0582537424642688,xpack/torsomelee_e04.dbr,rare_veteransarmor_01.dbr
Epic,Prefix,Honor Guard’s,0.568990042674253,0.0270947639368692,xpack/torsomelee_e04.dbr,rare_honorguards_03.dbr
Epic,Prefix,Stalwart,1.42247510668563,0.067736909842173,xpack/torsomelee_e04.dbr,defensive_protection_07.dbr
Epic,Prefix,Insulated,1.42247510668563,0.067736909842173,xpack/torsomelee_e04.dbr,defensive_resistlightning_02.dbr
Epic,Prefix,Kingly,1.13798008534851,0.0541895278737384,xpack/torsomelee_e04.dbr,rare_kingly_01.dbr
Epic,Prefix,Purifying,7.11237553342817,0.338684549210865,xpack/torsomelee_e04.dbr,defensive_resistpoison_04.dbr
Epic,Prefix,Insulated,1.42247510668563,0.067736909842173,xpack/torsomelee_e04.dbr,defensive_resistcold_02.dbr
Epic,Prefix,Transcendent,0.483641536273115,0.0230305493463388,xpack/torsomelee_e04.dbr,xpack/rare_allresists_01.dbr
Epic,Prefix,Resistant,0.42674253200569,0.0203210729526519,xpack/torsomelee_e04.dbr,defensive_resistmulti_firelightning_03.dbr
Epic,Prefix,Honor Guard’s,0.227596017069701,0.0108379055747477,xpack/torsomelee_e04.dbr,rare_honorguards_04.dbr
Epic,Prefix,Honor Guard’s,0.739687055476529,0.03522319311793,xpack/torsomelee_e04.dbr,rare_honorguards_02.dbr
Epic,Prefix,Robust,0.369843527738265,0.017611596558965,xpack/torsomelee_e04.dbr,rare_strlife_02.dbr
Epic,Prefix,Mentor's,3.41394025604552,0.162568583621215,xpack/torsomelee_e04.dbr,character_attributeenergy_03.dbr
Epic,Prefix,Staunch,14.2247510668563,0.67736909842173,xpack/torsomelee_e04.dbr,defensive_protection_06.dbr
Epic,Prefix,Juggernaut’s,1.13798008534851,0.0541895278737384,xpack/torsomelee_e04.dbr,rare_juggernaught'sarmor_01.dbr
Epic,Prefix,Exalted,0.568990042674253,0.0270947639368692,xpack/torsomelee_e04.dbr,rare_exalted_01.dbr
Epic,Prefix,Resistant,7.11237553342817,0.338684549210865,xpack/torsomelee_e04.dbr,defensive_resistfire_03.dbr
Epic,Prefix,Resistant,0.42674253200569,0.0203210729526519,xpack/torsomelee_e04.dbr,defensive_resistmulti_lightningcold_03.dbr
Epic,Prefix,Tempered,1.42247510668563,0.067736909842173,xpack/torsomelee_e04.dbr,defensive_resistpierce_03.dbr
Epic,Prefix,Impenetrable,7.11237553342817,0.338684549210865,xpack/torsomelee_e04.dbr,defensive_resistpierce_04.dbr
Epic,Prefix,Rugged,7.11237553342817,0.338684549210865,xpack/torsomelee_e04.dbr,defensive_protection_05.dbr
Epic,Prefix,Hardy,0.256045519203414,0.0121926437715911,xpack/torsomelee_e04.dbr,rare_strlife_01.dbr
Epic,Prefix,Defiled,0.369843527738265,0.017611596558965,xpack/torsomelee_e04.dbr,xpack/rare_negregenpoisonretal%poison_03.dbr
Epic,Prefix,Resistant,7.11237553342817,0.338684549210865,xpack/torsomelee_e04.dbr,defensive_resistlightning_03.dbr
Epic,Prefix,Lustrous,0.568990042674253,0.0270947639368692,xpack/torsomelee_e04.dbr,xpack/rare_demonprotectstrarmor_03.dbr
Epic,Prefix,Philosopher's,1.13798008534851,0.0541895278737384,xpack/torsomelee_e04.dbr,character_attributeenergy_05.dbr
Epic,Prefix,Insulated,1.42247510668563,0.067736909842173,xpack/torsomelee_e04.dbr,defensive_resistfire_02.dbr
Epic,Prefix,Hale,0.312944523470839,0.0149021201652781,xpack/torsomelee_e04.dbr,rare_strlife_03.dbr
Epic,Prefix,Molten,1.183970856102,0.0563795645762859,xpack/swordb_e04.dbr,rare_fireburn_02.dbr
Epic,Prefix,Treacherous,0.910746812386157,0.0433688958279122,xpack/swordb_e04.dbr,rare_oa%currentlife_01.dbr
Epic,Prefix,Herculean,0.273224043715847,0.0130106687483737,xpack/swordb_e04.dbr,rare_%dmgstr_03.dbr
Epic,Prefix,Murderous,1.36612021857923,0.0650533437418683,xpack/swordb_e04.dbr,rare_oa%currentlife_02.dbr
Epic,Prefix,Merciless,1.36612021857923,0.0650533437418683,xpack/swordb_e04.dbr,rare_oa%dmg_05.dbr
Epic,Prefix,Volcanic,1.183970856102,0.0563795645762859,xpack/swordb_e04.dbr,rare_fireburn_03.dbr
Epic,Prefix,Titanic,1.183970856102,0.0563795645762859,xpack/swordb_e04.dbr,rare_%dmgstr_02.dbr
Epic,Prefix,Dreadful,3.18761384335155,0.151791135397693,xpack/swordb_e04.dbr,rare_dreadful_weapon_04.dbr
Epic,Prefix,Savage,0.455373406193078,0.0216844479139561,xpack/swordb_e04.dbr,rare_oa%dmg_06.dbr
Epic,Prefix,Rogue's,6.83060109289618,0.325266718709342,xpack/swordb_e04.dbr,character_skillmasteryd_01.dbr
Epic,Prefix,Arctic,1.183970856102,0.0563795645762859,xpack/swordb_e04.dbr,rare_coldslow_03.dbr
Epic,Prefix,Glacial,1.183970856102,0.0563795645762859,xpack/swordb_e04.dbr,rare_coldslow_02.dbr
Epic,Prefix,Puncturing,1.36612021857923,0.0650533437418683,xpack/swordb_e04.dbr,rare_piercebleed_04.dbr
Epic,Prefix,Perforating,0.910746812386157,0.0433688958279122,xpack/swordb_e04.dbr,rare_piercebleed_03.dbr
Epic,Prefix,Treacherous,2.27686703096539,0.108422239569781,xpack/swordb_e04.dbr,rare_oa%currentlife_01.dbr
Epic,Prefix,Murderous,2.27686703096539,0.108422239569781,xpack/swordb_e04.dbr,rare_oa%currentlife_02.dbr
Epic,Prefix,Relentless,2.18579234972678,0.104085349986989,xpack/swordb_e04.dbr,rare_%dmgatkspd_01.dbr
Epic,Prefix,Ruthless,0.455373406193078,0.0216844479139561,xpack/swordb_e04.dbr,rare_oa%dmg_04.dbr
Epic,Prefix,Cyclopean,0.910746812386157,0.0433688958279122,xpack/swordb_e04.dbr,rare_%dmgstr_01.dbr
Epic,Prefix,Lithe,54.6448087431694,2.60213374967473,xpack/swordb_e04.dbr,character_reducedequipreq_02.dbr
Epic,Prefix,Veteran’s,3.82513661202186,0.182149362477231,xpack/swordb_e04.dbr,rare_veteransweapon_01.dbr
Epic,Prefix,Dreadful,2.18579234972678,0.104085349986989,xpack/swordb_e04.dbr,rare_dreadful_weapon_05.dbr
Epic,Prefix,Relentless,1.82149362477231,0.0867377916558244,xpack/swordb_e04.dbr,rare_%dmgatkspd_01.dbr
Epic,Prefix,Assassin's,6.83060109289618,0.325266718709342,xpack/swordb_e04.dbr,character_skillmasteryd_02.dbr
Epic,Suffix,of Necromancy,8.28958275766786,0.552638850511191,xpack/clubb_e04.dbr,offensive_+%damage to undead_01.dbr
Epic,Suffix,of Thunder,1.1605415860735,0.0773694390715667,xpack/clubb_e04.dbr,offensive_+%lightning_01.dbr
Epic,Suffix,of Fire,1.1605415860735,0.0773694390715667,xpack/clubb_e04.dbr,offensive_+%fire_01.dbr
Epic,Suffix,of Ice,2.48687482730036,0.165791655153357,xpack/clubb_e04.dbr,offensive_+%cold_02.dbr
Epic,Suffix,of Havoc,0.690798563138989,0.0460532375425992,xpack/clubb_e04.dbr,rare_%damagestun_03.dbr
Epic,Suffix,of Sulfur,3.73031224095054,0.248687482730036,xpack/clubb_e04.dbr,offensive_+%fire_03.dbr
Epic,Suffix,of Demonology,8.28958275766786,0.552638850511191,xpack/clubb_e04.dbr,offensive_+%damage to demons_01.dbr
Epic,Suffix,of the Betrayer,1.38159712627798,0.0921064750851985,xpack/clubb_e04.dbr,rare_betrayer_01.dbr
Epic,Suffix,of Devouring,5.52638850511191,0.368425900340794,xpack/clubb_e04.dbr,offensive_damage%lifeleech_02.dbr
Epic,Suffix,of Feasting,5.52638850511191,0.368425900340794,xpack/clubb_e04.dbr,offensive_damage%lifeleech_01.dbr
Epic,Suffix,of Devastation,5.52638850511191,0.368425900340794,xpack/clubb_e04.dbr,offensive_+%damage_03.dbr
Epic,Suffix,of Corrosion,8.28958275766786,0.552638850511191,xpack/clubb_e04.dbr,offensive_reducedprotection_02.dbr
Epic,Suffix,of Chaos,1.38159712627798,0.0921064750851985,xpack/clubb_e04.dbr,rare_%damagestun_02.dbr
Epic,Suffix,of Annihilation,5.19480519480519,0.346320346320346,xpack/clubb_e04.dbr,offensive_+%damage_04.dbr
Epic,Suffix,of Stunning,1.38159712627798,0.0921064750851985,xpack/clubb_e04.dbr,offensive_stun_02.dbr
Epic,Suffix,of the Siren,2.07239568941697,0.138159712627798,xpack/clubb_e04.dbr,rare_siren_01.dbr
Epic,Suffix,of the Storm,3.73031224095054,0.248687482730036,xpack/clubb_e04.dbr,offensive_+%lightning_03.dbr
Epic,Suffix,of Mayhem,1.38159712627798,0.0921064750851985,xpack/clubb_e04.dbr,rare_%damagestun_01.dbr
Epic,Suffix,of Ruin,9.67117988394584,0.644745325596389,xpack/clubb_e04.dbr,offensive_reducedprotection_04.dbr
Epic,Suffix,of Carnage,2.21055540204476,0.147370360136318,xpack/clubb_e04.dbr,offensive_+%damage_02.dbr
Epic,Suffix,of Frost,1.1605415860735,0.0773694390715667,xpack/clubb_e04.dbr,offensive_+%cold_01.dbr
Epic,Suffix,of Dissolution,8.28958275766786,0.552638850511191,xpack/clubb_e04.dbr,offensive_reducedprotection_03.dbr
Epic,Suffix,of Dazing,1.38159712627798,0.0921064750851985,xpack/clubb_e04.dbr,offensive_stun_01.dbr
Epic,Suffix,of Rime,3.73031224095054,0.248687482730036,xpack/clubb_e04.dbr,offensive_+%cold_03.dbr
Epic,Suffix,of Paralysis,1.38159712627798,0.0921064750851985,xpack/clubb_e04.dbr,offensive_stun_03.dbr
Epic,Suffix,of Flame,2.48687482730036,0.165791655153357,xpack/clubb_e04.dbr,offensive_+%fire_02.dbr
Epic,Suffix,of Lightning,2.48687482730036,0.165791655153357,xpack/clubb_e04.dbr,offensive_+%lightning_02.dbr
Epic,Prefix,Resistant,7.2928821470245,0.347280102239262,xpack/torsomage_e04.dbr,defensive_resistlightning_03.dbr
Epic,Prefix,Defiled,0.379229871645274,0.0180585653164416,xpack/torsomage_e04.dbr,xpack/rare_negregenpoisonretal%poison_03.dbr
Epic,Prefix,Hardy,0.262543757292882,0.0125020836806134,xpack/torsomage_e04.dbr,rare_strlife_01.dbr
Epic,Prefix,Rugged,7.2928821470245,0.347280102239262,xpack/torsomage_e04.dbr,defensive_protection_05.dbr
Epic,Prefix,Impenetrable,7.2928821470245,0.347280102239262,xpack/torsomage_e04.dbr,defensive_resistpierce_04.dbr
Epic,Prefix,Philosopher's,1.16686114352392,0.0555648163582819,xpack/torsomage_e04.dbr,character_attributeenergy_05.dbr
Epic,Prefix,Insulated,1.4585764294049,0.0694560204478524,xpack/torsomage_e04.dbr,defensive_resistfire_02.dbr
Epic,Prefix,Hale,0.320886814469078,0.0152803244985275,xpack/torsomage_e04.dbr,rare_strlife_03.dbr
Epic,Prefix,Resistant,0.43757292882147,0.0208368061343557,xpack/torsomage_e04.dbr,defensive_resistmulti_firelightning_03.dbr
Epic,Prefix,Honor Guard’s,0.233372228704784,0.0111129632716564,xpack/torsomage_e04.dbr,rare_honorguards_04.dbr
Epic,Prefix,Aristotle's,0.816802800466744,0.0388953714507974,xpack/torsomage_e04.dbr,rare_intmana_02.dbr
Epic,Prefix,Robust,0.379229871645274,0.0180585653164416,xpack/torsomage_e04.dbr,rare_strlife_02.dbr
Epic,Prefix,Honor Guard’s,0.758459743290548,0.0361171306328833,xpack/torsomage_e04.dbr,rare_honorguards_02.dbr
Epic,Prefix,Staunch,14.585764294049,0.694560204478524,xpack/torsomage_e04.dbr,defensive_protection_06.dbr
Epic,Prefix,Mentor's,3.50058343057176,0.166694449074846,xpack/torsomage_e04.dbr,character_attributeenergy_03.dbr
Epic,Prefix,Resistant,0.43757292882147,0.0208368061343557,xpack/torsomage_e04.dbr,defensive_resistmulti_lightningcold_03.dbr
Epic,Prefix,Resistant,7.2928821470245,0.347280102239262,xpack/torsomage_e04.dbr,defensive_resistfire_03.dbr
Epic,Prefix,Exalted,0.58343057176196,0.027782408179141,xpack/torsomage_e04.dbr,rare_exalted_01.dbr
Epic,Prefix,Tempered,1.4585764294049,0.0694560204478524,xpack/torsomage_e04.dbr,defensive_resistpierce_03.dbr
Epic,Prefix,Kingly,1.16686114352392,0.0555648163582819,xpack/torsomage_e04.dbr,rare_kingly_01.dbr
Epic,Prefix,Purifying,7.2928821470245,0.347280102239262,xpack/torsomage_e04.dbr,defensive_resistpoison_04.dbr
Epic,Prefix,Transcendent,0.495915985997666,0.0236150469522698,xpack/torsomage_e04.dbr,xpack/rare_allresists_01.dbr
Epic,Prefix,Insulated,1.4585764294049,0.0694560204478524,xpack/torsomage_e04.dbr,defensive_resistcold_02.dbr
Epic,Prefix,Plato's,0.58343057176196,0.027782408179141,xpack/torsomage_e04.dbr,rare_intmana_03.dbr
Epic,Prefix,Curative,1.4585764294049,0.0694560204478524,xpack/torsomage_e04.dbr,defensive_resistpoison_03.dbr
Epic,Prefix,Lithe,6.35939323220537,0.302828249152637,xpack/torsomage_e04.dbr,character_reducedequipreq_02.dbr
Epic,Prefix,Savant's,14.002333722287,0.666777796299383,xpack/torsomage_e04.dbr,character_attributeenergy_04.dbr
Epic,Prefix,Resistant,0.43757292882147,0.0208368061343557,xpack/torsomage_e04.dbr,defensive_resistmulti_coldfire_03.dbr
Epic,Prefix,Resistant,7.2928821470245,0.347280102239262,xpack/torsomage_e04.dbr,defensive_resistcold_03.dbr
Epic,Prefix,Honor Guard’s,0.58343057176196,0.027782408179141,xpack/torsomage_e04.dbr,rare_honorguards_03.dbr
Epic,Prefix,Stalwart,1.4585764294049,0.0694560204478524,xpack/torsomage_e04.dbr,defensive_protection_07.dbr
Epic,Prefix,Insulated,1.4585764294049,0.0694560204478524,xpack/torsomage_e04.dbr,defensive_resistlightning_02.dbr
Normal,Prefix,Aristotle's,0.310077519379845,0.0238521168753727,xpack/staffb_n04.dbr,rare_intmana_02.dbr
Normal,Prefix,Stormcaller's,3.87596899224806,0.298151460942159,xpack/staffb_n04.dbr,character_skillmasteryh_01.dbr
Normal,Prefix,Wanderer's,3.87596899224806,0.298151460942159,xpack/staffb_n04.dbr,character_skillmasteryf_01.dbr
Normal,Prefix,Light,31.0077519379845,2.38521168753727,xpack/staffb_n04.dbr,character_reducedequipreq_01.dbr
Normal,Prefix,Runemaster's ,4.1343669250646,0.318028225004969,xpack/staffb_n04.dbr,xpack2/character_skillmasteryrunes_01.dbr
Normal,Prefix,Pyromancer's,3.87596899224806,0.298151460942159,xpack/staffb_n04.dbr,character_skillmasterye_01.dbr
Normal,Prefix,Diogenes',0.310077519379845,0.0238521168753727,xpack/staffb_n04.dbr,rare_intmana_01.dbr
Normal,Prefix,Mentor's,5.16795865633075,0.397535281256212,xpack/staffb_n04.dbr,character_attributeenergy_03.dbr
Normal,Prefix,Treacherous,0.258397932816538,0.0198767640628106,xpack/staffb_n04.dbr,rare_oa%currentlife_01.dbr
Normal,Prefix,Murderous,0.516795865633075,0.0397535281256212,xpack/staffb_n04.dbr,rare_oa%currentlife_02.dbr
Normal,Prefix,Dreadful,0.41343669250646,0.0318028225004969,xpack/staffb_n04.dbr,rare_dreadful_weapon_03.dbr
Normal,Prefix,Dreadful,0.775193798449612,0.0596302921884317,xpack/staffb_n04.dbr,rare_dreadful_weapon_02.dbr
Normal,Prefix,Scholar's,36.1757105943152,2.78274696879348,xpack/staffb_n04.dbr,character_attributeenergy_02.dbr
Normal,Prefix,Searing,0.775193798449612,0.0596302921884317,xpack/staffb_n04.dbr,rare_fireburn_01.dbr
Normal,Prefix,Shaman's,3.87596899224806,0.298151460942159,xpack/staffb_n04.dbr,character_skillmasteryg_01.dbr
Normal,Prefix,Dreamweaver's,3.87596899224806,0.298151460942159,xpack/staffb_n04.dbr,xpack/character_skillmasterydream_01.dbr
Normal,Prefix,Bitter,0.775193798449612,0.0596302921884317,xpack/staffb_n04.dbr,rare_coldslow_01.dbr
Normal,Suffix,of Speed,1.13122171945701,0.0491835530198702,xpack/staff_n04.dbr,character_speedattack_03.dbr
Normal,Suffix,of Vitality,4.52488687782805,0.196734212079481,xpack/staff_n04.dbr,character_attributelife_04.dbr
Normal,Suffix,of Survival,6.78733031674208,0.295101318119221,xpack/staff_n04.dbr,character_attributelife_03.dbr
Normal,Suffix,of Pain,0.904977375565611,0.0393468424158961,xpack/staff_n04.dbr,xpack/rare_-%speedbleeddmg%bleed_01.dbr
Normal,Suffix,of Foresight,1.13122171945701,0.0491835530198702,xpack/staff_n04.dbr,rare_%int%energy_01.dbr
Normal,Suffix,of Acuity,6.78733031674208,0.295101318119221,xpack/staff_n04.dbr,character_attributeintelligence_03.dbr
Normal,Suffix,of Proficiency,0.565610859728507,0.0245917765099351,xpack/staff_n04.dbr,character_abilitydefensive_02.dbr
Normal,Suffix,of Feasting,6.78733031674208,0.295101318119221,xpack/staff_n04.dbr,offensive_damage%lifeleech_01.dbr
Normal,Suffix,of Dazing,2.26244343891403,0.0983671060397403,xpack/staff_n04.dbr,offensive_stun_01.dbr
Normal,Suffix,of Trickery,1.13122171945701,0.0491835530198702,xpack/staff_n04.dbr,rare_speedattack%dodge_01.dbr
Normal,Suffix,of Haste,4.52488687782805,0.196734212079481,xpack/staff_n04.dbr,character_speedattack_02.dbr
Normal,Suffix,of Subjugation,1.13122171945701,0.0491835530198702,xpack/staff_n04.dbr,xpack/petbonus_healtharmor_02.dbr
Normal,Suffix,of Augury,0.565610859728507,0.0245917765099351,xpack/staff_n04.dbr,rare_%int%energy_02.dbr
Normal,Suffix,of Quickness,6.78733031674208,0.295101318119221,xpack/staff_n04.dbr,character_speedattack_01.dbr
Normal,Suffix,of Concentration,1.35746606334842,0.0590202636238442,xpack/staff_n04.dbr,character_cooldownreduction_01.dbr
Normal,Suffix,of Reasoning,6.78733031674208,0.295101318119221,xpack/staff_n04.dbr,character_attributeintelligence_02.dbr
Normal,Suffix,of Harrowing,0.904977375565611,0.0393468424158961,xpack/staff_n04.dbr,xpack/rare_%life+%stun_01.dbr
Normal,Suffix,of the Betrayer,1.13122171945701,0.0491835530198702,xpack/staff_n04.dbr,rare_betrayer_01.dbr
Normal,Suffix,of Spirit,6.78733031674208,0.295101318119221,xpack/staff_n04.dbr,character_attributeenergy_02.dbr
Normal,Suffix,of Rumination,0.904977375565611,0.0393468424158961,xpack/staff_n04.dbr,character_cooldownreduction_02.dbr
Normal,Suffix,of Servitude,2.26244343891403,0.0983671060397403,xpack/staff_n04.dbr,xpack/petbonus_healtharmor_01.dbr
Normal,Suffix,of Essence,6.78733031674208,0.295101318119221,xpack/staff_n04.dbr,character_attributeenergy_03.dbr
Normal,Suffix,of Dexterity,6.78733031674208,0.295101318119221,xpack/staff_n04.dbr,character_attributedexterity_02.dbr
Normal,Suffix,of Finesse,6.78733031674208,0.295101318119221,xpack/staff_n04.dbr,character_attributedexterity_03.dbr
Normal,Suffix,of Demonology,6.78733031674208,0.295101318119221,xpack/staff_n04.dbr,offensive_+%damage to demons_01.dbr
Normal,Suffix,of Necromancy,3.39366515837104,0.14755065905961,xpack/staff_n04.dbr,offensive_+%damage to undead_01.dbr
Normal,Suffix,of the Siren,1.69683257918552,0.0737753295298052,xpack/staff_n04.dbr,rare_siren_01.dbr
Normal,Suffix,of Endowment,0.565610859728507,0.0245917765099351,xpack/staff_n04.dbr,character_abilitydefensive_03.dbr
Normal,Suffix,of Torment,0.904977375565611,0.0393468424158961,xpack/staff_n04.dbr,xpack/rare_lifedmgreducedresist_02.dbr
Normal,Suffix,of Ability,1.13122171945701,0.0491835530198702,xpack/staff_n04.dbr,character_abilitydefensive_01.dbr
Normal,Prefix,Incising,0.987166831194472,0.0759359100918825,xpack/swordb_n04.dbr,rare_piercebleed_02.dbr
Normal,Prefix,Penetrating,0.493583415597236,0.0379679550459412,xpack/swordb_n04.dbr,rare_piercebleed_01.dbr
Normal,Prefix,Cruel,0.296150049358342,0.0227807730275647,xpack/swordb_n04.dbr,rare_oa%dmg_01.dbr
Normal,Prefix,Rogue's,14.8075024679171,1.13903865137824,xpack/swordb_n04.dbr,character_skillmasteryd_01.dbr
Normal,Prefix,Relentless,1.08588351431392,0.0835295011010707,xpack/swordb_n04.dbr,rare_%dmgatkspd_01.dbr
Normal,Prefix,Cyclopean,1.48075024679171,0.113903865137824,xpack/swordb_n04.dbr,rare_%dmgstr_01.dbr
Normal,Prefix,Ruthless,0.987166831194472,0.0759359100918825,xpack/swordb_n04.dbr,rare_oa%dmg_04.dbr
Normal,Prefix,Relentless,2.66535044422507,0.205026957248083,xpack/swordb_n04.dbr,rare_%dmgatkspd_01.dbr
Normal,Prefix,Veteran’s,4.14610069101678,0.318930822385906,xpack/swordb_n04.dbr,rare_veteransweapon_01.dbr
Normal,Prefix,Murderous,2.46791707798618,0.189839775229706,xpack/swordb_n04.dbr,rare_oa%currentlife_02.dbr
Normal,Prefix,Treacherous,2.46791707798618,0.189839775229706,xpack/swordb_n04.dbr,rare_oa%currentlife_01.dbr
Normal,Prefix,Light,59.2300098716683,4.55615460551295,xpack/swordb_n04.dbr,character_reducedequipreq_01.dbr
Normal,Prefix,Perforating,0.987166831194472,0.0759359100918825,xpack/swordb_n04.dbr,rare_piercebleed_03.dbr
Normal,Prefix,Vicious,0.592300098716683,0.0455615460551295,xpack/swordb_n04.dbr,rare_oa%dmg_03.dbr
Normal,Prefix,Murderous,0.987166831194472,0.0759359100918825,xpack/swordb_n04.dbr,rare_oa%currentlife_02.dbr
Normal,Prefix,Brutal,0.592300098716683,0.0455615460551295,xpack/swordb_n04.dbr,rare_oa%dmg_02.dbr
Normal,Prefix,Treacherous,0.493583415597236,0.0379679550459412,xpack/swordb_n04.dbr,rare_oa%currentlife_01.dbr
Normal,Prefix,Bitter,1.48075024679171,0.113903865137824,xpack/swordb_n04.dbr,rare_coldslow_01.dbr
Normal,Prefix,Searing,1.48075024679171,0.113903865137824,xpack/swordb_n04.dbr,rare_fireburn_01.dbr
Normal,Prefix,Dreadful,1.48075024679171,0.113903865137824,xpack/swordb_n04.dbr,rare_dreadful_weapon_02.dbr
Normal,Prefix,Dreadful,0.789733464955577,0.060748728073506,xpack/swordb_n04.dbr,rare_dreadful_weapon_03.dbr
Normal,Suffix,of Thorns,0.952380952380952,0.041407867494824,xpack/torsomage_n04.dbr,retaliation_pierce_02.dbr
Normal,Suffix,of Prowess,1.9047619047619,0.082815734989648,xpack/torsomage_n04.dbr,character_abilitydefensive_04.dbr
Normal,Suffix,of Reasoning,5.71428571428571,0.248447204968944,xpack/torsomage_n04.dbr,character_attributeintelligence_02.dbr
Normal,Suffix,of Needles,4.76190476190476,0.20703933747412,xpack/torsomage_n04.dbr,retaliation_pierce_01.dbr
Normal,Suffix,of Champions,0.761904761904762,0.0331262939958592,xpack/torsomage_n04.dbr,xpack/rare_healthmanatotaldmg_01.dbr
Normal,Suffix,of Endowment,2.85714285714286,0.124223602484472,xpack/torsomage_n04.dbr,character_abilitydefensive_03.dbr
Normal,Suffix,of the Wilds,0.476190476190476,0.020703933747412,xpack/torsomage_n04.dbr,rare_pierceret%life_01.dbr
Normal,Suffix,of Spirit,5.71428571428571,0.248447204968944,xpack/torsomage_n04.dbr,character_attributeenergy_02.dbr
Normal,Suffix,of Willpower,1.42857142857143,0.062111801242236,xpack/torsomage_n04.dbr,xpack/defensive_resistsleep_02.dbr
Normal,Suffix,of Rejuvenation,5.71428571428571,0.248447204968944,xpack/torsomage_n04.dbr,character_regenlife_02.dbr
Normal,Suffix,of the Glade,0.380952380952381,0.0165631469979296,xpack/torsomage_n04.dbr,rare_glade_armor_01.dbr
Normal,Suffix,of Inertia,6.19047619047619,0.269151138716356,xpack/torsomage_n04.dbr,xpack/defensive_resistslow_01.dbr
Normal,Suffix,of Vitality,3.80952380952381,0.165631469979296,xpack/torsomage_n04.dbr,character_attributelife_04.dbr
Normal,Suffix,of Refuge,0.476190476190476,0.020703933747412,xpack/torsomage_n04.dbr,rare_da%protect_01.dbr
Normal,Suffix,of Momentum,2.38095238095238,0.10351966873706,xpack/torsomage_n04.dbr,xpack/defensive_resistslow_02.dbr
Normal,Suffix,of Acuity,5.71428571428571,0.248447204968944,xpack/torsomage_n04.dbr,character_attributeintelligence_03.dbr
Normal,Suffix,of Survival,5.71428571428571,0.248447204968944,xpack/torsomage_n04.dbr,character_attributelife_03.dbr
Normal,Suffix,of Restoration,1.9047619047619,0.082815734989648,xpack/torsomage_n04.dbr,character_regenlife_03.dbr
Normal,Suffix,of Protection,3.42857142857143,0.149068322981366,xpack/torsomage_n04.dbr,defensive_%protection_01.dbr
Normal,Suffix,of Solace,0.761904761904762,0.0331262939958592,xpack/torsomage_n04.dbr,xpack/rare_chancetoresistall_02.dbr
Normal,Suffix,of Shelter,0.380952380952381,0.0165631469979296,xpack/torsomage_n04.dbr,defensive_%protection_02.dbr
Normal,Suffix,of Retribution,1.9047619047619,0.082815734989648,xpack/torsomage_n04.dbr,retaliation_leechlife_02.dbr
Normal,Suffix,of Reprisal,5.71428571428571,0.248447204968944,xpack/torsomage_n04.dbr,retaliation_leechlife_01.dbr
Normal,Suffix,of Dexterity,5.71428571428571,0.248447204968944,xpack/torsomage_n04.dbr,character_attributedexterity_02.dbr
Normal,Suffix,of Essence,5.71428571428571,0.248447204968944,xpack/torsomage_n04.dbr,character_attributeenergy_03.dbr
Normal,Suffix,of Virility,5.71428571428571,0.248447204968944,xpack/torsomage_n04.dbr,character_attributestrength_03.dbr
Normal,Suffix,of Finesse,5.71428571428571,0.248447204968944,xpack/torsomage_n04.dbr,character_attributedexterity_03.dbr
Normal,Suffix,of Discipline,2.38095238095238,0.10351966873706,xpack/torsomage_n04.dbr,xpack/defensive_resistsleep_01.dbr
Normal,Suffix,of Strength,5.71428571428571,0.248447204968944,xpack/torsomage_n04.dbr,character_attributestrength_02.dbr
Normal,Prefix,Hardy,0.462829042522418,0.035602234040186,xpack/torsomage_n04.dbr,rare_strlife_01.dbr
Normal,Prefix,Diogenes',0.404975412207116,0.0311519547851628,xpack/torsomage_n04.dbr,rare_intmana_01.dbr
Normal,Prefix,Profaned,0.376048597049465,0.0289268151576511,xpack/torsomage_n04.dbr,xpack/rare_negregenpoisonretal%poison_02.dbr
Normal,Prefix,Cleansing,4.33902227364767,0.333770944126744,xpack/torsomage_n04.dbr,defensive_resistpoison_02.dbr
Normal,Prefix,Hale,0.26034133641886,0.0200262566476046,xpack/torsomage_n04.dbr,rare_strlife_03.dbr
Normal,Prefix,Insulated,8.67804454729534,0.667541888253488,xpack/torsomage_n04.dbr,defensive_resistfire_02.dbr
Normal,Prefix,Insulated,8.67804454729534,0.667541888253488,xpack/torsomage_n04.dbr,defensive_resistcold_02.dbr
Normal,Prefix,Transcendent,0.433902227364767,0.0333770944126744,xpack/torsomage_n04.dbr,xpack/rare_allresists_01.dbr
Normal,Prefix,Durable,2.89268151576511,0.222513962751163,xpack/torsomage_n04.dbr,defensive_protection_03.dbr
Normal,Prefix,Resistant,0.433902227364767,0.0333770944126744,xpack/torsomage_n04.dbr,defensive_resistmulti_coldfire_03.dbr
Normal,Prefix,Curative,4.33902227364767,0.333770944126744,xpack/torsomage_n04.dbr,defensive_resistpoison_03.dbr
Normal,Prefix,Aristotle's,0.376048597049465,0.0289268151576511,xpack/torsomage_n04.dbr,rare_intmana_02.dbr
Normal,Prefix,Honor Guard’s,0.75209719409893,0.0578536303153023,xpack/torsomage_n04.dbr,rare_honorguards_01.dbr
Normal,Prefix,Robust,0.289268151576511,0.0222513962751163,xpack/torsomage_n04.dbr,rare_strlife_02.dbr
Normal,Prefix,Resistant,0.433902227364767,0.0333770944126744,xpack/torsomage_n04.dbr,defensive_resistmulti_firelightning_03.dbr
Normal,Prefix,Insulated,8.67804454729534,0.667541888253488,xpack/torsomage_n04.dbr,defensive_resistlightning_02.dbr
Normal,Prefix,Tempered,4.33902227364767,0.333770944126744,xpack/torsomage_n04.dbr,defensive_resistpierce_03.dbr
Normal,Prefix,Light,8.33092276540353,0.640840212723348,xpack/torsomage_n04.dbr,character_reducedequipreq_01.dbr
Normal,Prefix,Exalted,1.09921897599074,0.0845553058454418,xpack/torsomage_n04.dbr,rare_exalted_01.dbr
Normal,Prefix,Resistant,0.433902227364767,0.0333770944126744,xpack/torsomage_n04.dbr,defensive_resistmulti_lightningcold_03.dbr
Normal,Prefix,Scholar's,20.2487706103558,1.55759773925814,xpack/torsomage_n04.dbr,character_attributeenergy_02.dbr
Normal,Prefix,Rigid,4.33902227364767,0.333770944126744,xpack/torsomage_n04.dbr,defensive_resistpierce_02.dbr
Normal,Prefix,Stout,18.8024298524732,1.44634075788256,xpack/torsomage_n04.dbr,defensive_protection_04.dbr
Normal,Prefix,Honor Guard’s,0.578536303153023,0.0445027925502325,xpack/torsomage_n04.dbr,rare_honorguards_02.dbr
Normal,Prefix,Exalted,1.06681639528355,0.0820627996371961,xpack/torsomelee_n04.dbr,rare_exalted_01.dbr
Normal,Prefix,Light,8.08534531162268,0.621949639355591,xpack/torsomelee_n04.dbr,character_reducedequipreq_01.dbr
Normal,Prefix,Resistant,0.421111734980348,0.0323932103831037,xpack/torsomelee_n04.dbr,defensive_resistmulti_lightningcold_03.dbr
Normal,Prefix,Insulated,8.42223469960696,0.647864207662074,xpack/torsomelee_n04.dbr,defensive_resistlightning_02.dbr
Normal,Prefix,Tempered,4.21111734980348,0.323932103831037,xpack/torsomelee_n04.dbr,defensive_resistpierce_03.dbr
Normal,Prefix,Stout,18.2481751824818,1.40370578326783,xpack/torsomelee_n04.dbr,defensive_protection_04.dbr
Normal,Prefix,Honor Guard’s,0.561482313307131,0.0431909471774716,xpack/torsomelee_n04.dbr,rare_honorguards_02.dbr
Normal,Prefix,Scholar's,19.6518809657496,1.51168315121151,xpack/torsomelee_n04.dbr,character_attributeenergy_02.dbr
Normal,Prefix,Rigid,4.21111734980348,0.323932103831037,xpack/torsomelee_n04.dbr,defensive_resistpierce_02.dbr
Normal,Prefix,Durable,2.80741156653565,0.215954735887358,xpack/torsomelee_n04.dbr,defensive_protection_03.dbr
Normal,Prefix,Resistant,0.421111734980348,0.0323932103831037,xpack/torsomelee_n04.dbr,defensive_resistmulti_coldfire_03.dbr
Normal,Prefix,Juggernaut’s,1.12296462661426,0.0863818943549432,xpack/torsomelee_n04.dbr,rare_juggernaught'sarmor_01.dbr
Normal,Prefix,Veteran’s,1.20718697361033,0.092860536431564,xpack/torsomelee_n04.dbr,rare_veteransarmor_01.dbr
Normal,Prefix,Mountaineer’s,0.81414935429534,0.0626268734073338,xpack/torsomelee_n04.dbr,rare_mountaineers_01.dbr
Normal,Prefix,Resistant,0.421111734980348,0.0323932103831037,xpack/torsomelee_n04.dbr,defensive_resistmulti_firelightning_03.dbr
Normal,Prefix,Curative,4.21111734980348,0.323932103831037,xpack/torsomelee_n04.dbr,defensive_resistpoison_03.dbr
Normal,Prefix,Honor Guard’s,0.72992700729927,0.0561482313307131,xpack/torsomelee_n04.dbr,rare_honorguards_01.dbr
Normal,Prefix,Robust,0.280741156653565,0.0215954735887358,xpack/torsomelee_n04.dbr,rare_strlife_02.dbr
Normal,Prefix,Hale,0.252667040988209,0.0194359262298622,xpack/torsomelee_n04.dbr,rare_strlife_03.dbr
Normal,Prefix,Insulated,8.42223469960696,0.647864207662074,xpack/torsomelee_n04.dbr,defensive_resistcold_02.dbr
Normal,Prefix,Insulated,8.42223469960696,0.647864207662074,xpack/torsomelee_n04.dbr,defensive_resistfire_02.dbr
Normal,Prefix,Transcendent,0.421111734980348,0.0323932103831037,xpack/torsomelee_n04.dbr,xpack/rare_allresists_01.dbr
Normal,Prefix,Shining,0.561482313307131,0.0431909471774716,xpack/torsomelee_n04.dbr,xpack/rare_demonprotectstrarmor_02.dbr
Normal,Prefix,Cleansing,4.21111734980348,0.323932103831037,xpack/torsomelee_n04.dbr,defensive_resistpoison_02.dbr
Normal,Prefix,Hardy,0.449185850645705,0.0345527577419773,xpack/torsomelee_n04.dbr,rare_strlife_01.dbr
Normal,Prefix,Profaned,0.364963503649635,0.0280741156653565,xpack/torsomelee_n04.dbr,xpack/rare_negregenpoisonretal%poison_02.dbr
Normal,Suffix,of Protection,3.42857142857143,0.149068322981366,xpack/torsomelee_n04.dbr,defensive_%protection_01.dbr
Normal,Suffix,of Survival,5.71428571428571,0.248447204968944,xpack/torsomelee_n04.dbr,character_attributelife_03.dbr
Normal,Suffix,of Restoration,1.9047619047619,0.082815734989648,xpack/torsomelee_n04.dbr,character_regenlife_03.dbr
Normal,Suffix,of Acuity,5.71428571428571,0.248447204968944,xpack/torsomelee_n04.dbr,character_attributeintelligence_03.dbr
Normal,Suffix,of Momentum,2.38095238095238,0.10351966873706,xpack/torsomelee_n04.dbr,xpack/defensive_resistslow_02.dbr
Normal,Suffix,of Refuge,0.476190476190476,0.020703933747412,xpack/torsomelee_n04.dbr,rare_da%protect_01.dbr
Normal,Suffix,of Vitality,3.80952380952381,0.165631469979296,xpack/torsomelee_n04.dbr,character_attributelife_04.dbr
Normal,Suffix,of Inertia,6.19047619047619,0.269151138716356,xpack/torsomelee_n04.dbr,xpack/defensive_resistslow_01.dbr
Normal,Suffix,of the Glade,0.380952380952381,0.0165631469979296,xpack/torsomelee_n04.dbr,rare_glade_armor_01.dbr
Normal,Suffix,of Spirit,5.71428571428571,0.248447204968944,xpack/torsomelee_n04.dbr,character_attributeenergy_02.dbr
Normal,Suffix,of Willpower,1.42857142857143,0.062111801242236,xpack/torsomelee_n04.dbr,xpack/defensive_resistsleep_02.dbr
Normal,Suffix,of Rejuvenation,5.71428571428571,0.248447204968944,xpack/torsomelee_n04.dbr,character_regenlife_02.dbr
Normal,Suffix,of the Wilds,0.476190476190476,0.020703933747412,xpack/torsomelee_n04.dbr,rare_pierceret%life_01.dbr
Normal,Suffix,of Endowment,2.85714285714286,0.124223602484472,xpack/torsomelee_n04.dbr,character_abilitydefensive_03.dbr
Normal,Suffix,of Champions,0.761904761904762,0.0331262939958592,xpack/torsomelee_n04.dbr,xpack/rare_healthmanatotaldmg_01.dbr
Normal,Suffix,of Needles,5.71428571428571,0.248447204968944,xpack/torsomelee_n04.dbr,retaliation_pierce_01.dbr
Normal,Suffix,of Reasoning,5.71428571428571,0.248447204968944,xpack/torsomelee_n04.dbr,character_attributeintelligence_02.dbr
Normal,Suffix,of Prowess,1.9047619047619,0.082815734989648,xpack/torsomelee_n04.dbr,character_abilitydefensive_04.dbr
Normal,Suffix,of Thorns,1.9047619047619,0.082815734989648,xpack/torsomelee_n04.dbr,retaliation_pierce_02.dbr
Normal,Suffix,of Strength,5.71428571428571,0.248447204968944,xpack/torsomelee_n04.dbr,character_attributestrength_02.dbr
Normal,Suffix,of Discipline,2.38095238095238,0.10351966873706,xpack/torsomelee_n04.dbr,xpack/defensive_resistsleep_01.dbr
Normal,Suffix,of Finesse,5.71428571428571,0.248447204968944,xpack/torsomelee_n04.dbr,character_attributedexterity_03.dbr
Normal,Suffix,of Virility,5.71428571428571,0.248447204968944,xpack/torsomelee_n04.dbr,character_attributestrength_03.dbr
Normal,Suffix,of Dexterity,5.71428571428571,0.248447204968944,xpack/torsomelee_n04.dbr,character_attributedexterity_02.dbr
Normal,Suffix,of Essence,5.71428571428571,0.248447204968944,xpack/torsomelee_n04.dbr,character_attributeenergy_03.dbr
Normal,Suffix,of Reprisal,4.76190476190476,0.20703933747412,xpack/torsomelee_n04.dbr,retaliation_leechlife_01.dbr
Normal,Suffix,of Retribution,0.952380952380952,0.041407867494824,xpack/torsomelee_n04.dbr,retaliation_leechlife_02.dbr
Normal,Suffix,of Shelter,0.380952380952381,0.0165631469979296,xpack/torsomelee_n04.dbr,defensive_%protection_02.dbr
Normal,Suffix,of Solace,0.761904761904762,0.0331262939958592,xpack/torsomelee_n04.dbr,xpack/rare_chancetoresistall_02.dbr
Normal,Suffix,of Trickery,1.10132158590308,0.0478835472131776,xpack/cluba_n04.dbr,rare_speedattack%dodge_01.dbr
Normal,Suffix,of Haste,8.81057268722467,0.38306837770542,xpack/cluba_n04.dbr,character_speedattack_02.dbr
Normal,Suffix,of Quickness,4.40528634361234,0.19153418885271,xpack/cluba_n04.dbr,character_speedattack_01.dbr
Normal,Suffix,of Reckless Power,2.20264317180617,0.0957670944263551,xpack/cluba_n04.dbr,rare_%dmg%str-liferegen_01.dbr
Normal,Suffix,of Torment,1.76211453744493,0.0766136755410841,xpack/cluba_n04.dbr,xpack/rare_lifedmgreducedresist_02.dbr
Normal,Suffix,of the Betrayer,2.20264317180617,0.0957670944263551,xpack/cluba_n04.dbr,rare_betrayer_01.dbr
Normal,Suffix,of Harrowing,1.76211453744493,0.0766136755410841,xpack/cluba_n04.dbr,xpack/rare_%life+%stun_01.dbr
Normal,Suffix,of Dexterity,13.215859030837,0.574602566558131,xpack/cluba_n04.dbr,character_attributedexterity_02.dbr
Normal,Suffix,of Finesse,13.215859030837,0.574602566558131,xpack/cluba_n04.dbr,character_attributedexterity_03.dbr
Normal,Suffix,of Virility,13.215859030837,0.574602566558131,xpack/cluba_n04.dbr,character_attributestrength_03.dbr
Normal,Suffix,of Endowment,13.215859030837,0.574602566558131,xpack/cluba_n04.dbr,character_abilityoffensive_03.dbr
Normal,Suffix,of Pain,1.76211453744493,0.0766136755410841,xpack/cluba_n04.dbr,xpack/rare_-%speedbleeddmg%bleed_01.dbr
Normal,Suffix,of Strength,13.215859030837,0.574602566558131,xpack/cluba_n04.dbr,character_attributestrength_02.dbr
Normal,Suffix,of Prowess,6.6079295154185,0.287301283279065,xpack/cluba_n04.dbr,character_abilityoffensive_04.dbr
Normal,Suffix,of the Siren,3.30396475770925,0.143650641639533,xpack/cluba_n04.dbr,rare_siren_01.dbr
Legendary,Suffix,of Expertise,0.443655723158829,0.0192893792677752,xpack/torsomelee_l04.dbr,character_abilitydefensive_05.dbr
Legendary,Suffix,of Erudition,10.6477373558119,0.462945102426604,xpack/torsomelee_l04.dbr,character_attributeintelligence_05.dbr
Legendary,Suffix,of Shelter,1.41969831410825,0.0617260136568805,xpack/torsomelee_l04.dbr,defensive_%protection_02.dbr
Legendary,Suffix,of Power,10.6477373558119,0.462945102426604,xpack/torsomelee_l04.dbr,character_attributeenergy_05.dbr
Legendary,Suffix,of Regeneration,7.09849157054126,0.308630068284403,xpack/torsomelee_l04.dbr,character_regenlife_05.dbr
Legendary,Suffix,of Immortality,10.6477373558119,0.462945102426604,xpack/torsomelee_l04.dbr,character_attributelife_06.dbr
Legendary,Suffix,of Respite,0.887311446317657,0.0385787585355503,xpack/torsomelee_l04.dbr,xpack/rare_chancetoresistall_03.dbr
Legendary,Suffix,of Supremacy,2.66193433895297,0.115736275606651,xpack/torsomelee_l04.dbr,character_abilitydefensive_07.dbr
Legendary,Suffix,of Refuge,0.0887311446317657,0.00385787585355503,xpack/torsomelee_l04.dbr,rare_da%protect_01.dbr
Legendary,Suffix,of Barbs,7.09849157054126,0.308630068284403,xpack/torsomelee_l04.dbr,retaliation_pierce_03.dbr
Legendary,Suffix,of Impetus,7.98580301685892,0.347208826819953,xpack/torsomelee_l04.dbr,xpack/defensive_resistslow_03.dbr
Legendary,Suffix,of Warding,2.12954747116238,0.0925890204853208,xpack/torsomelee_l04.dbr,defensive_%protection_03.dbr
Legendary,Suffix,of Grace,10.6477373558119,0.462945102426604,xpack/torsomelee_l04.dbr,character_attributedexterity_05.dbr
Legendary,Suffix,of Vengeance,5.32386867790594,0.231472551213302,xpack/torsomelee_l04.dbr,retaliation_leechlife_03.dbr
Legendary,Suffix,of Mastery,2.21827861579414,0.0964468963388758,xpack/torsomelee_l04.dbr,character_abilitydefensive_06.dbr
Legendary,Suffix,of Might,10.6477373558119,0.462945102426604,xpack/torsomelee_l04.dbr,character_attributestrength_05.dbr
Legendary,Suffix,of Asylum,0.266193433895297,0.0115736275606651,xpack/torsomelee_l04.dbr,rare_da%protect_02.dbr
Legendary,Suffix,of the Mammoth,2.8393966282165,0.123452027313761,xpack/torsomelee_l04.dbr,rare_mammoth_01.dbr
Legendary,Suffix,of the Gods,0.976042590949423,0.0424366343891054,xpack/torsomelee_l04.dbr,xpack/rare_healthmanatotaldmg_03.dbr
Legendary,Suffix,of the Wilds,0.887311446317657,0.0385787585355503,xpack/torsomelee_l04.dbr,rare_pierceret%life_01.dbr
Legendary,Suffix,of Fortitude,3.54924578527063,0.154315034142201,xpack/torsomelee_l04.dbr,xpack/defensive_resistsleep_03.dbr
Legendary,Suffix,of Sanctuary,0.532386867790595,0.0231472551213302,xpack/torsomelee_l04.dbr,rare_da%protect_03.dbr
Legendary,Suffix,of the Glade,0.354924578527063,0.0154315034142201,xpack/torsomelee_l04.dbr,rare_glade_armor_01.dbr
Legendary,Suffix,of Grace,10.958904109589,0.476474091721263,xpack/torsomage_l04.dbr,character_attributedexterity_05.dbr
Legendary,Suffix,of Warding,2.19178082191781,0.0952948183442525,xpack/torsomage_l04.dbr,defensive_%protection_03.dbr
Legendary,Suffix,of Impetus,8.21917808219178,0.357355568790947,xpack/torsomage_l04.dbr,xpack/defensive_resistslow_03.dbr
Legendary,Suffix,of Barbs,5.47945205479452,0.238237045860631,xpack/torsomage_l04.dbr,retaliation_pierce_03.dbr
Legendary,Suffix,of Refuge,0.091324200913242,0.00397061743101052,xpack/torsomage_l04.dbr,rare_da%protect_01.dbr
Legendary,Suffix,of Vengeance,7.30593607305936,0.317649394480842,xpack/torsomage_l04.dbr,retaliation_leechlife_03.dbr
Legendary,Suffix,of Mastery,2.28310502283105,0.099265435775263,xpack/torsomage_l04.dbr,character_abilitydefensive_06.dbr
Legendary,Suffix,of the Gods,1.00456621004566,0.0436767917411157,xpack/torsomage_l04.dbr,xpack/rare_healthmanatotaldmg_03.dbr
Legendary,Suffix,of Asylum,0.273972602739726,0.0119118522930316,xpack/torsomage_l04.dbr,rare_da%protect_02.dbr
Legendary,Suffix,of Might,10.958904109589,0.476474091721263,xpack/torsomage_l04.dbr,character_attributestrength_05.dbr
Legendary,Suffix,of Fortitude,3.65296803652968,0.158824697240421,xpack/torsomage_l04.dbr,xpack/defensive_resistsleep_03.dbr
Legendary,Suffix,of Sanctuary,0.547945205479452,0.0238237045860631,xpack/torsomage_l04.dbr,rare_da%protect_03.dbr
Legendary,Suffix,of the Glade,0.365296803652968,0.0158824697240421,xpack/torsomage_l04.dbr,rare_glade_armor_01.dbr
Legendary,Suffix,of the Wilds,0.91324200913242,0.0397061743101052,xpack/torsomage_l04.dbr,rare_pierceret%life_01.dbr
Legendary,Suffix,of Expertise,0.45662100456621,0.0198530871550526,xpack/torsomage_l04.dbr,character_abilitydefensive_05.dbr
Legendary,Suffix,of Erudition,10.958904109589,0.476474091721263,xpack/torsomage_l04.dbr,character_attributeintelligence_05.dbr
Legendary,Suffix,of Respite,0.91324200913242,0.0397061743101052,xpack/torsomage_l04.dbr,xpack/rare_chancetoresistall_03.dbr
Legendary,Suffix,of Immortality,10.958904109589,0.476474091721263,xpack/torsomage_l04.dbr,character_attributelife_06.dbr
Legendary,Suffix,of Power,10.958904109589,0.476474091721263,xpack/torsomage_l04.dbr,character_attributeenergy_05.dbr
Legendary,Suffix,of Shelter,1.46118721461187,0.0635298788961683,xpack/torsomage_l04.dbr,defensive_%protection_02.dbr
Legendary,Suffix,of Regeneration,7.30593607305936,0.317649394480842,xpack/torsomage_l04.dbr,character_regenlife_05.dbr
Legendary,Suffix,of Supremacy,2.73972602739726,0.119118522930316,xpack/torsomage_l04.dbr,character_abilitydefensive_07.dbr
Legendary,Suffix,of Feasting,2.08376745155241,0.0905985848501046,xpack/staff_l04.dbr,offensive_damage%lifeleech_01.dbr
Legendary,Suffix,of Foresight,1.0418837257762,0.0452992924250523,xpack/staff_l04.dbr,rare_%int%energy_01.dbr
Legendary,Suffix,of Torture,1.0418837257762,0.0452992924250523,xpack/staff_l04.dbr,xpack/rare_-%speedbleeddmg%bleed_03.dbr
Legendary,Suffix,of Prowess,1.0418837257762,0.0452992924250523,xpack/staff_l04.dbr,character_abilitydefensive_04.dbr
Legendary,Suffix,of Grace,12.5026047093144,0.543591509100628,xpack/staff_l04.dbr,character_attributedexterity_05.dbr
Legendary,Suffix,of Speed,4.16753490310481,0.181197169700209,xpack/staff_l04.dbr,character_speedattack_03.dbr
Legendary,Suffix,of Focus,1.56282558866431,0.0679489386375785,xpack/staff_l04.dbr,character_cooldownreduction_03.dbr
Legendary,Suffix,of Divination,0.520941862888102,0.0226496462125262,xpack/staff_l04.dbr,rare_%int%energy_03.dbr
Legendary,Suffix,of Rumination,0.250052094186289,0.0108718301820126,xpack/staff_l04.dbr,character_cooldownreduction_02.dbr
Legendary,Suffix,of the Betrayer,1.0418837257762,0.0452992924250523,xpack/staff_l04.dbr,rare_betrayer_01.dbr
Legendary,Suffix,of Harrowing,1.0418837257762,0.0452992924250523,xpack/staff_l04.dbr,xpack/rare_%life+%stun_01.dbr
Legendary,Suffix,of Augury,1.0418837257762,0.0452992924250523,xpack/staff_l04.dbr,rare_%int%energy_02.dbr
Legendary,Suffix,of Concentration,0.250052094186289,0.0108718301820126,xpack/staff_l04.dbr,character_cooldownreduction_01.dbr
Legendary,Suffix,of Haste,4.16753490310481,0.181197169700209,xpack/staff_l04.dbr,character_speedattack_02.dbr
Legendary,Suffix,of Trickery,2.08376745155241,0.0905985848501046,xpack/staff_l04.dbr,rare_speedattack%dodge_01.dbr
Legendary,Suffix,of Dazing,2.08376745155241,0.0905985848501046,xpack/staff_l04.dbr,offensive_stun_01.dbr
Legendary,Suffix,of the Siren,1.56282558866431,0.0679489386375785,xpack/staff_l04.dbr,rare_siren_01.dbr
Legendary,Suffix,of Necromancy,3.12565117732861,0.135897877275157,xpack/staff_l04.dbr,offensive_+%damage to undead_01.dbr
Legendary,Suffix,of Devouring,4.16753490310481,0.181197169700209,xpack/staff_l04.dbr,offensive_damage%lifeleech_02.dbr
Legendary,Suffix,of Enslavement,3.12565117732861,0.135897877275157,xpack/staff_l04.dbr,xpack/petbonus_healtharmor_03.dbr
Legendary,Suffix,of Erudition,12.5026047093144,0.543591509100628,xpack/staff_l04.dbr,character_attributeintelligence_05.dbr
Legendary,Suffix,of Demonology,6.25130235465722,0.271795754550314,xpack/staff_l04.dbr,offensive_+%damage to demons_01.dbr
Legendary,Suffix,of Alacrity,6.25130235465722,0.271795754550314,xpack/staff_l04.dbr,character_speedattack_04.dbr
Legendary,Suffix,of Immortality,12.5026047093144,0.543591509100628,xpack/staff_l04.dbr,character_attributelife_06.dbr
Legendary,Suffix,of Nightmares,1.0418837257762,0.0452992924250523,xpack/staff_l04.dbr,xpack/rare_lifedmgreducedresist_03.dbr
Legendary,Suffix,of Power,12.5026047093144,0.543591509100628,xpack/staff_l04.dbr,character_attributeenergy_05.dbr
Legendary,Suffix,of Endowment,1.0418837257762,0.0452992924250523,xpack/staff_l04.dbr,character_abilitydefensive_03.dbr
Legendary,Suffix,of Necromancy,9.1324200913242,0.397061743101052,xpack/clubb_l04.dbr,offensive_+%damage to undead_01.dbr
Legendary,Suffix,of Havoc,2.28310502283105,0.099265435775263,xpack/clubb_l04.dbr,rare_%damagestun_03.dbr
Legendary,Suffix,of Demonology,9.1324200913242,0.397061743101052,xpack/clubb_l04.dbr,offensive_+%damage to demons_01.dbr
Legendary,Suffix,of Sulfur,8.21917808219178,0.357355568790947,xpack/clubb_l04.dbr,offensive_+%fire_03.dbr
Legendary,Suffix,of Devouring,9.1324200913242,0.397061743101052,xpack/clubb_l04.dbr,offensive_damage%lifeleech_02.dbr
Legendary,Suffix,of the Betrayer,1.5220700152207,0.0661769571835087,xpack/clubb_l04.dbr,rare_betrayer_01.dbr
Legendary,Suffix,of Feasting,3.0441400304414,0.132353914367017,xpack/clubb_l04.dbr,offensive_damage%lifeleech_01.dbr
Legendary,Suffix,of Chaos,1.5220700152207,0.0661769571835087,xpack/clubb_l04.dbr,rare_%damagestun_02.dbr
Legendary,Suffix,of Stunning,3.0441400304414,0.132353914367017,xpack/clubb_l04.dbr,offensive_stun_02.dbr
Legendary,Suffix,of Annihilation,13.6986301369863,0.595592614651578,xpack/clubb_l04.dbr,offensive_+%damage_04.dbr
Legendary,Suffix,of the Siren,2.28310502283105,0.099265435775263,xpack/clubb_l04.dbr,rare_siren_01.dbr
Legendary,Suffix,of the Storm,8.21917808219178,0.357355568790947,xpack/clubb_l04.dbr,offensive_+%lightning_03.dbr
Legendary,Suffix,of Ruin,18.2648401826484,0.794123486202104,xpack/clubb_l04.dbr,offensive_reducedprotection_04.dbr
Legendary,Suffix,of Rime,8.21917808219178,0.357355568790947,xpack/clubb_l04.dbr,offensive_+%cold_03.dbr
Legendary,Suffix,of Paralysis,2.28310502283105,0.099265435775263,xpack/clubb_l04.dbr,offensive_stun_03.dbr
Legendary,Prefix,Stalwart,17.0357751277683,1.31044424059756,xpack/torsomelee_l04.dbr,defensive_protection_07.dbr
Legendary,Prefix,Resistant,0.425894378194208,0.0327611060149391,xpack/torsomelee_l04.dbr,defensive_resistmulti_lightningcold_03.dbr
Legendary,Prefix,Resistant,8.51788756388416,0.655222120298781,xpack/torsomelee_l04.dbr,defensive_resistfire_03.dbr
Legendary,Prefix,Honor Guard’s,0.56785917092561,0.0436814746865854,xpack/torsomelee_l04.dbr,rare_honorguards_04.dbr
Legendary,Prefix,Staunch,5.6785917092561,0.436814746865854,xpack/torsomelee_l04.dbr,defensive_protection_06.dbr
Legendary,Prefix,Savant's,2.27143668370244,0.174725898746342,xpack/torsomelee_l04.dbr,character_attributeenergy_04.dbr
Legendary,Prefix,Resistant,0.425894378194208,0.0327611060149391,xpack/torsomelee_l04.dbr,defensive_resistmulti_coldfire_03.dbr
Legendary,Prefix,Resistant,8.51788756388416,0.655222120298781,xpack/torsomelee_l04.dbr,defensive_resistcold_03.dbr
Legendary,Prefix,Juggernaut’s,1.13571834185122,0.0873629493731708,xpack/torsomelee_l04.dbr,rare_juggernaught'sarmor_01.dbr
Legendary,Prefix,Veteran’s,1.22089721749006,0.0939151705761587,xpack/torsomelee_l04.dbr,rare_veteransarmor_01.dbr
Legendary,Prefix,Honor Guard’s,0.227143668370244,0.0174725898746342,xpack/torsomelee_l04.dbr,rare_honorguards_05.dbr
Legendary,Prefix,Resistant,0.425894378194208,0.0327611060149391,xpack/torsomelee_l04.dbr,defensive_resistmulti_firelightning_03.dbr
Legendary,Prefix,Sage's,8.51788756388416,0.655222120298781,xpack/torsomelee_l04.dbr,character_attributeenergy_06.dbr
Legendary,Prefix,Mountaineer’s,1.07893242475866,0.0829948019045123,xpack/torsomelee_l04.dbr,rare_mountaineers_01.dbr
Legendary,Prefix,Honor Guard’s,0.738216922203294,0.056785917092561,xpack/torsomelee_l04.dbr,rare_honorguards_03.dbr
Legendary,Prefix,Robust,0.369108461101647,0.0283929585462805,xpack/torsomelee_l04.dbr,rare_strlife_02.dbr
Legendary,Prefix,Hale,0.312322544009086,0.024024811077622,xpack/torsomelee_l04.dbr,rare_strlife_03.dbr
Legendary,Prefix,Philosopher's,4.54287336740488,0.349451797492683,xpack/torsomelee_l04.dbr,character_attributeenergy_05.dbr
Legendary,Prefix,Purifying,8.51788756388416,0.655222120298781,xpack/torsomelee_l04.dbr,defensive_resistpoison_04.dbr
Legendary,Prefix,Transcendent,0.56785917092561,0.0436814746865854,xpack/torsomelee_l04.dbr,xpack/rare_allresists_01.dbr
Legendary,Prefix,Weightless,8.17717206132879,0.62901323548683,xpack/torsomelee_l04.dbr,character_reducedequipreq_03.dbr
Legendary,Prefix,Kingly,2.27143668370244,0.174725898746342,xpack/torsomelee_l04.dbr,rare_kingly_01.dbr
Legendary,Prefix,Dazzling,0.709823963657013,0.0546018433582318,xpack/torsomelee_l04.dbr,xpack/rare_demonprotectstrarmor_04.dbr
Legendary,Prefix,Resistant,8.51788756388416,0.655222120298781,xpack/torsomelee_l04.dbr,defensive_resistlightning_03.dbr
Legendary,Prefix,Defiled,0.454287336740488,0.0349451797492683,xpack/torsomelee_l04.dbr,xpack/rare_negregenpoisonretal%poison_03.dbr
Legendary,Prefix,Hardy,0.255536626916525,0.0196566636089634,xpack/torsomelee_l04.dbr,rare_strlife_01.dbr
Legendary,Prefix,Impenetrable,8.51788756388416,0.655222120298781,xpack/torsomelee_l04.dbr,defensive_resistpierce_04.dbr
Legendary,Prefix,Assassin's,6.78119349005425,0.521630268465712,xpack/swordb_l04.dbr,character_skillmasteryd_02.dbr
Legendary,Prefix,Relentless,1.80831826401447,0.13910140492419,xpack/swordb_l04.dbr,rare_%dmgatkspd_01.dbr
Legendary,Prefix,Dreadful,2.16998191681736,0.166921685909028,xpack/swordb_l04.dbr,rare_dreadful_weapon_05.dbr
Legendary,Prefix,Veteran’s,4.33996383363472,0.333843371818055,xpack/swordb_l04.dbr,rare_veteransweapon_01.dbr
Legendary,Prefix,Relentless,2.44122965641953,0.187786896647656,xpack/swordb_l04.dbr,rare_%dmgatkspd_01.dbr
Legendary,Prefix,Murderous,2.26039783001808,0.173876756155237,xpack/swordb_l04.dbr,rare_oa%currentlife_02.dbr
Legendary,Prefix,Treacherous,2.26039783001808,0.173876756155237,xpack/swordb_l04.dbr,rare_oa%currentlife_01.dbr
Legendary,Prefix,Puncturing,1.1754068716094,0.0904159132007233,xpack/swordb_l04.dbr,rare_piercebleed_04.dbr
Legendary,Prefix,Glacial,0.452079566003617,0.0347753512310474,xpack/swordb_l04.dbr,rare_coldslow_02.dbr
Legendary,Prefix,Arctic,1.80831826401447,0.13910140492419,xpack/swordb_l04.dbr,rare_coldslow_03.dbr
Legendary,Prefix,Rogue's,6.78119349005425,0.521630268465712,xpack/swordb_l04.dbr,character_skillmasteryd_01.dbr
Legendary,Prefix,Dreadful,3.16455696202532,0.243427458617332,xpack/swordb_l04.dbr,rare_dreadful_weapon_04.dbr
Legendary,Prefix,Savage,0.904159132007233,0.0695507024620949,xpack/swordb_l04.dbr,rare_oa%dmg_06.dbr
Legendary,Prefix,Weightless,54.249547920434,4.17304214772569,xpack/swordb_l04.dbr,character_reducedequipreq_03.dbr
Legendary,Prefix,Titanic,1.1754068716094,0.0904159132007233,xpack/swordb_l04.dbr,rare_%dmgstr_02.dbr
Legendary,Prefix,Volcanic,1.80831826401447,0.13910140492419,xpack/swordb_l04.dbr,rare_fireburn_03.dbr
Legendary,Prefix,Ferocious,1.35623869801085,0.104326053693142,xpack/swordb_l04.dbr,rare_oa%dmg_07.dbr
Legendary,Prefix,Murderous,1.35623869801085,0.104326053693142,xpack/swordb_l04.dbr,rare_oa%currentlife_02.dbr
Legendary,Prefix,Herculean,1.1754068716094,0.0904159132007233,xpack/swordb_l04.dbr,rare_%dmgstr_03.dbr
Legendary,Prefix,Impaling,1.1754068716094,0.0904159132007233,xpack/swordb_l04.dbr,rare_piercebleed_05.dbr
Legendary,Prefix,Treacherous,0.904159132007233,0.0695507024620949,xpack/swordb_l04.dbr,rare_oa%currentlife_01.dbr
Legendary,Prefix,Molten,0.452079566003617,0.0347753512310474,xpack/swordb_l04.dbr,rare_fireburn_02.dbr
Legendary,Prefix,Resistant,8.76424189307625,0.674172453313558,xpack/torsomage_l04.dbr,defensive_resistcold_03.dbr
Legendary,Prefix,Staunch,5.8428279287175,0.449448302209038,xpack/torsomage_l04.dbr,defensive_protection_06.dbr
Legendary,Prefix,Resistant,0.438212094653812,0.0337086226656779,xpack/torsomage_l04.dbr,defensive_resistmulti_coldfire_03.dbr
Legendary,Prefix,Savant's,2.337131171487,0.179779320883615,xpack/torsomage_l04.dbr,character_attributeenergy_04.dbr
Legendary,Prefix,Honor Guard’s,0.759567630733275,0.058428279287175,xpack/torsomage_l04.dbr,rare_honorguards_03.dbr
Legendary,Prefix,Robust,0.379783815366637,0.0292141396435875,xpack/torsomage_l04.dbr,rare_strlife_02.dbr
Legendary,Prefix,Plato's,0.496640373940987,0.0382031056877683,xpack/torsomage_l04.dbr,rare_intmana_03.dbr
Legendary,Prefix,Honor Guard’s,0.2337131171487,0.0179779320883615,xpack/torsomage_l04.dbr,rare_honorguards_05.dbr
Legendary,Prefix,Sage's,8.76424189307625,0.674172453313558,xpack/torsomage_l04.dbr,character_attributeenergy_06.dbr
Legendary,Prefix,Resistant,0.438212094653812,0.0337086226656779,xpack/torsomage_l04.dbr,defensive_resistmulti_firelightning_03.dbr
Legendary,Prefix,Resistant,8.76424189307625,0.674172453313558,xpack/torsomage_l04.dbr,defensive_resistfire_03.dbr
Legendary,Prefix,Stalwart,17.5284837861525,1.34834490662712,xpack/torsomage_l04.dbr,defensive_protection_07.dbr
Legendary,Prefix,Resistant,0.438212094653812,0.0337086226656779,xpack/torsomage_l04.dbr,defensive_resistmulti_lightningcold_03.dbr
Legendary,Prefix,Socrates',0.876424189307625,0.0674172453313558,xpack/torsomage_l04.dbr,rare_intmana_04.dbr
Legendary,Prefix,Honor Guard’s,0.58428279287175,0.0449448302209038,xpack/torsomage_l04.dbr,rare_honorguards_04.dbr
Legendary,Prefix,Kingly,2.337131171487,0.179779320883615,xpack/torsomage_l04.dbr,rare_kingly_01.dbr
Legendary,Prefix,Impenetrable,8.76424189307625,0.674172453313558,xpack/torsomage_l04.dbr,defensive_resistpierce_04.dbr
Legendary,Prefix,Hardy,0.262927256792287,0.0202251735994067,xpack/torsomage_l04.dbr,rare_strlife_01.dbr
Legendary,Prefix,Resistant,8.76424189307625,0.674172453313558,xpack/torsomage_l04.dbr,defensive_resistlightning_03.dbr
Legendary,Prefix,Defiled,0.4674262342974,0.0359558641767231,xpack/torsomage_l04.dbr,xpack/rare_negregenpoisonretal%poison_03.dbr
Legendary,Prefix,Hale,0.321355536079462,0.0247196566214971,xpack/torsomage_l04.dbr,rare_strlife_03.dbr
Legendary,Prefix,Weightless,8.4136722173532,0.647205555181015,xpack/torsomage_l04.dbr,character_reducedequipreq_03.dbr
Legendary,Prefix,Transcendent,0.58428279287175,0.0449448302209038,xpack/torsomage_l04.dbr,xpack/rare_allresists_01.dbr
Legendary,Prefix,Purifying,8.76424189307625,0.674172453313558,xpack/torsomage_l04.dbr,defensive_resistpoison_04.dbr
Legendary,Prefix,Philosopher's,4.674262342974,0.359558641767231,xpack/torsomage_l04.dbr,character_attributeenergy_05.dbr
Legendary,Prefix,Dreamweaver's,1.67474658439841,0.12882666033834,xpack/staffb_l04.dbr,xpack/character_skillmasterydream_01.dbr
Legendary,Prefix,Shaman's,1.67474658439841,0.12882666033834,xpack/staffb_l04.dbr,character_skillmasteryg_01.dbr
Legendary,Prefix,Volcanic,0.881445570736007,0.0678035054412313,xpack/staffb_l04.dbr,rare_fireburn_03.dbr
Legendary,Prefix,Nullifying,5.50903481710004,0.423771909007696,xpack/staffb_l04.dbr,defensive_resistelemental_03.dbr
Legendary,Prefix,Murderous,0.661084178052005,0.0508526290809235,xpack/staffb_l04.dbr,rare_oa%currentlife_02.dbr
Legendary,Prefix,Philosopher's,8.81445570736007,0.678035054412313,xpack/staffb_l04.dbr,character_attributeenergy_05.dbr
Legendary,Prefix,Socrates',1.10180696342001,0.0847543818015392,xpack/staffb_l04.dbr,rare_intmana_04.dbr
Legendary,Prefix,Sage's,22.0361392684002,1.69508763603078,xpack/staffb_l04.dbr,character_attributeenergy_06.dbr
Legendary,Prefix,Treacherous,0.440722785368004,0.0339017527206157,xpack/staffb_l04.dbr,rare_oa%currentlife_01.dbr
Legendary,Prefix,Savant's,4.40722785368004,0.339017527206157,xpack/staffb_l04.dbr,character_attributeenergy_04.dbr
Legendary,Prefix,Rune Sage's ,2.64433671220802,0.203410516323694,xpack/staffb_l04.dbr,xpack2/character_skillmasteryrunes_02.dbr
Legendary,Prefix,Molten,0.220361392684002,0.0169508763603078,xpack/staffb_l04.dbr,rare_fireburn_02.dbr
Legendary,Prefix,Dreadful,1.05773468488321,0.0813642065294776,xpack/staffb_l04.dbr,rare_dreadful_weapon_05.dbr
Legendary,Prefix,Augur's,1.67474658439841,0.12882666033834,xpack/staffb_l04.dbr,xpack/character_skillmasterydream_02.dbr
Legendary,Prefix,Archimage's,1.67474658439841,0.12882666033834,xpack/staffb_l04.dbr,character_skillmasterye_02.dbr
Legendary,Prefix,Pyromancer's,1.67474658439841,0.12882666033834,xpack/staffb_l04.dbr,character_skillmasterye_01.dbr
Legendary,Prefix,Runemaster's ,0.881445570736007,0.0678035054412313,xpack/staffb_l04.dbr,xpack2/character_skillmasteryrunes_01.dbr
Legendary,Prefix,Theurgist's,1.67474658439841,0.12882666033834,xpack/staffb_l04.dbr,character_skillmasteryg_02.dbr
Legendary,Prefix,Wanderer's,1.67474658439841,0.12882666033834,xpack/staffb_l04.dbr,character_skillmasteryf_01.dbr
Legendary,Prefix,Glacial,0.220361392684002,0.0169508763603078,xpack/staffb_l04.dbr,rare_coldslow_02.dbr
Legendary,Prefix,Negating,5.50903481710004,0.423771909007696,xpack/staffb_l04.dbr,defensive_resistelemental_02.dbr
Legendary,Prefix,Druid's,1.67474658439841,0.12882666033834,xpack/staffb_l04.dbr,character_skillmasteryf_02.dbr
Legendary,Prefix,Arctic,0.881445570736007,0.0678035054412313,xpack/staffb_l04.dbr,rare_coldslow_03.dbr
Legendary,Prefix,Stormcaller's,1.67474658439841,0.12882666033834,xpack/staffb_l04.dbr,character_skillmasteryh_01.dbr
Legendary,Prefix,Evoker's,1.67474658439841,0.12882666033834,xpack/staffb_l04.dbr,character_skillmasteryh_02.dbr
Legendary,Prefix,Weightless,26.4433671220802,2.03410516323694,xpack/staffb_l04.dbr,character_reducedequipreq_03.dbr
Legendary,Prefix,Dreadful,1.54252974878801,0.118656134522155,xpack/staffb_l04.dbr,rare_dreadful_weapon_04.dbr
