Unnamed: 0,前后缀,名称,等级,效果,位置,文件,长度,校验码,id
281,2.0,还原之,18,+65%生命恢复速度,臂、盾、头,records\item\lootmagicalaffixes\suffix\default\character_regenlife_03.dbr,69,I,还原之_0
51,1.0,不可穿透的,34,+41%穿刺抵抗,臂、盾、头,records\item\lootmagicalaffixes\prefix\default\defensive_resistpierce_04.dbr,72,L,不可穿透的_0
133,1.0,不屈的,15,+60%眩晕抵抗+50%技能中断抵抗+每秒1点生命恢复,项链,records\item\lootmagicalaffixes\prefix\default\rare_indomitable_01.dbr,66,F,不屈的_0
75,1.0,不重的,25,-18全部属性要求,臂、锤、盾,records\item\lootmagicalaffixes\prefix\default\character_reducedequipreq_03.dbr,75,O,不重的_0
54,1.0,专家的,32,＋170法力,臂、盾、戒,records\item\lootmagicalaffixes\prefix\default\character_attributeenergy_04.dbr,75,O,专家的_0
128,1.0,严酷的,15,+18%伤害+20%攻击速度,锤、斧、弓,records\item\lootmagicalaffixes\prefix\default\rare_%dmgatkspd_01.dbr,65,E,严酷的_0
97,1.0,亚里士多德的,21,+15%智力+5%法力,臂(法)、戒,records\item\lootmagicalaffixes\prefix\default\rare_intmana_02.dbr,62,B,亚里士多德的_0
11,1.0,传奇的,44,+12%元素抗性+3%经验增加,臂、头、腿,records\xpack\item\lootmagicalaffixes\prefix\default\rare_negregenpoisonretal%poison_02.dbr,87,,传奇的_0
95,1.0,傀儡师的,24,+每秒5点法力恢复[所有宠物]+200生命+10%所有速度,项链、杖,records\xpack\item\lootmagicalaffixes\prefix\default\rare_petbonus_%speedhealth_01.dbr,82,V,傀儡师的_0
175,1.0,充电的,8,2-14闪电伤害,锤、斧、弓,records\item\lootmagicalaffixes\prefix\default\offensive_damagelightning_02.dbr,75,O,充电的_0
93,1.0,先知的,25,+2到梦幻之境的所有技能,项链,records\xpack\item\lootmagicalaffixes\prefix\default\character_skillmasterydream_02.dbr,83,W,先知的_0
94,1.0,光亮的,24,+25护甲+20力量+25伤害对恶魔,臂(战)、头,records\xpack\item\lootmagicalaffixes\prefix\default\rare_demonprotectstrarmor_02.dbr,81,U,光亮的_0
181,1.0,光荣的,8,+5%元素抗性+3%经验增加,头,records\xpack\item\lootmagicalaffixes\suffix\default\rare_%xp%elementalresist_01.dbr,80,T,光荣的_0
53,1.0,光辉的,34,+35护甲+30力量+50伤害对恶魔,臂(战)、头,records\xpack\item\lootmagicalaffixes\prefix\default\rare_demonprotectstrarmor_03.dbr,81,U,光辉的_0
124,1.0,兴奋的,15,7-24闪电伤害,锤、斧、弓,records\item\lootmagicalaffixes\prefix\default\offensive_damagelightning_03.dbr,75,O,兴奋的_0
13,1.0,典礼的,43,+66%吸收法力抵抗+减少24%来自亡灵的伤害+对亡灵的伤害17,项链,records\item\lootmagicalaffixes\prefix\default\rare_ritual_03.dbr,61,A,典礼的_0
69,1.0,典礼的,28,+50%吸收法力抵抗+减少20%来自亡灵的伤害+对亡灵的伤害11,项链,records\item\lootmagicalaffixes\prefix\default\rare_ritual_02.dbr,61,A,典礼的_1
164,1.0,典礼的,11,+33%吸收法力抵抗+减少18%来自亡灵的伤害+对亡灵的伤害6,项链,records\item\lootmagicalaffixes\prefix\default\rare_ritual_01.dbr,61,A,典礼的_2
114,1.0,兽性的,18,+25%伤害+35点战斗能力,锤、斧、弓,records\item\lootmagicalaffixes\prefix\default\rare_oa%dmg_02.dbr,61,A,兽性的_0
76,1.0,军阀的,25,+2到战斗专精的技能,锤、斧、项,records\item\lootmagicalaffixes\prefix\default\character_skillmasterya_02.dbr,73,M,军阀的_0
15,1.0,冰冻的,42,33-50冰冷伤害,锤、斧、弓,records\item\lootmagicalaffixes\prefix\default\offensive_damagecold_05.dbr,70,J,冰冻的_0
66,1.0,冰河时代的,28,+28冰冷伤害+减慢速度20%,锤、斧、弓,records\item\lootmagicalaffixes\prefix\default\rare_coldslow_02.dbr,63,C,冰河时代的_0
52,1.0,净化的,34,+41%毒素抗性,臂、盾、头,records\item\lootmagicalaffixes\prefix\default\defensive_resistpoison_04.dbr,72,L,净化的_0
189,1.0,减轻的,3,+8%毒素抗性,臂、盾、头,records\item\lootmagicalaffixes\prefix\default\defensive_resistpoison_01.dbr,72,L,减轻的_0
8,1.0,凶恶的,45,+50%伤害+75点战斗能力,锤、斧、弓,records\item\lootmagicalaffixes\prefix\default\rare_oa%dmg_07.dbr,61,A,凶恶的_0
99,1.0,切割的,21,16-24穿刺伤害+24流血伤害*3,弓、剑、矛,records\item\lootmagicalaffixes\prefix\default\rare_piercebleed_02.dbr,66,F,切割的_0
153,1.0,刚性的,12,+16%穿刺抵抗,臂、盾、头,records\item\lootmagicalaffixes\prefix\default\defensive_resistpierce_02.dbr,72,L,刚性的_0
90,1.0,刺人的,25,24-30穿刺伤害,弓、剑、矛,records\item\lootmagicalaffixes\prefix\default\offensive_damagepierce_04.dbr,72,L,刺人的_0
79,1.0,刺客的,25,+2到盗贼专精的技能,剑、项链,records\item\lootmagicalaffixes\prefix\default\character_skillmasteryd_02.dbr,73,M,刺客的_0
122,1.0,刺痛的,15,11-20冰冷伤害,锤、斧、弓,records\item\lootmagicalaffixes\prefix\default\offensive_damagecold_03.dbr,70,J,刺痛的_0
38,1.0,刺破的,35,40-56穿刺伤害+56流血伤害*3,弓、剑、矛,records\item\lootmagicalaffixes\prefix\default\rare_piercebleed_04.dbr,66,F,刺破的_0
4,1.0,刺穿的,47,64-81穿刺伤害+82流血伤害*3,弓、剑、矛,records\item\lootmagicalaffixes\prefix\default\rare_piercebleed_05.dbr,66,F,刺穿的_0
18,1.0,刺骨的,42,37-48穿刺伤害,弓、剑、矛,records\item\lootmagicalaffixes\prefix\default\offensive_damagepierce_05.dbr,72,L,刺骨的_0
172,1.0,加重的,8,6-13额外伤害,锤、斧、弓,records\item\lootmagicalaffixes\prefix\default\offensive_damagebonus_02.dbr,71,K,加重的_0
28,1.0,北极的,40,+45冰冷伤害+减慢速度20%,锤、斧、弓,records\item\lootmagicalaffixes\prefix\default\rare_coldslow_03.dbr,63,C,北极的_0
24,1.0,卓越的,42,+10%元素抗性+10%活力伤害抗性+10%毒素抗性,胸,records\xpack\item\lootmagicalaffixes\prefix\default\rare_allresists_01.dbr,71,K,卓越的_0
121,1.0,厚重的,15,13-23额外伤害,锤、斧、弓,records\item\lootmagicalaffixes\prefix\default\offensive_damagebonus_03.dbr,71,K,厚重的_0
179,1.0,发光的,8,+15护甲+10力量+10伤害对恶魔,臂(战)、头,records\xpack\item\lootmagicalaffixes\prefix\default\rare_demonprotectstrarmor_01.dbr,81,U,发光的_0
70,1.0,召唤者的,28,[所有宠物]+10%元素伤害+28元素伤害,戒指、项链,records\xpack\item\lootmagicalaffixes\prefix\default\petbonus_elementaldmg_03.dbr,77,Q,召唤者的_0
71,1.0,召唤者的,28,[所有宠物]+10%活力伤害+28活力伤害,戒指、项链,records\xpack\item\lootmagicalaffixes\prefix\default\petbonus_lifedmg_03.dbr,72,L,召唤者的_1
72,1.0,召唤者的,28,[所有宠物]+33伤害+10%伤害,戒指、项链,records\xpack\item\lootmagicalaffixes\prefix\default\petbonus_physicaldmg_03.dbr,76,P,召唤者的_2
83,1.0,召唤者的,25,+2到风暴专精的技能,项链,records\item\lootmagicalaffixes\prefix\default\character_skillmasteryh_02.dbr,73,M,召唤者的_3
2,1.0,可怕的,47,+31冰冷伤害+31活力伤害+54流血伤害*3,锤、斧、弓,records\item\lootmagicalaffixes\prefix\default\rare_dreadful_weapon_05.dbr,70,J,可怕的_0
34,1.0,可怕的,38,+23冰冷伤害+24活力伤害+38流血伤害*3,锤、斧、弓,records\item\lootmagicalaffixes\prefix\default\rare_dreadful_weapon_04.dbr,70,J,可怕的_1
58,1.0,可怕的,31,+16冰冷伤害+18活力伤害+25流血伤害*3,锤、斧、弓,records\item\lootmagicalaffixes\prefix\default\rare_dreadful_weapon_03.dbr,70,J,可怕的_2
112,1.0,可怕的,18,+10冰冷伤害+12活力伤害+14流血伤害*3,锤、斧、弓,records\item\lootmagicalaffixes\prefix\default\rare_dreadful_weapon_02.dbr,70,J,可怕的_3
155,1.0,可怕的,12,+18冰冷伤害+50%活力伤害+50%流血伤害,项链,records\item\lootmagicalaffixes\prefix\default\rare_dreadful_01.dbr,63,C,可怕的_4
156,1.0,可怕的,12,+5冰冷伤害+6活力伤害+6流血伤害*3,锤、斧、弓,records\item\lootmagicalaffixes\prefix\default\rare_dreadful_weapon_01.dbr,70,J,可怕的_5
55,1.0,可靠的,32,+33护甲,臂、头、腿,records\item\lootmagicalaffixes\prefix\default\defensive_protection_06.dbr,70,J,可靠的_0
30,1.0,君主的,40,+10%物理伤害抗性+每秒1点生命恢复+每秒1点法力恢复,？,records\item\lootmagicalaffixes\prefix\default\rare_kingly_01.dbr,61,A,君主的_0
85,1.0,否决的,25,+13%元素抗性,项链、杖,records\item\lootmagicalaffixes\prefix\default\defensive_resistelemental_02.dbr,75,O,否决的_0
56,1.0,吸干的,32,24法力吸取*3,锤、斧、弓,records\item\lootmagicalaffixes\prefix\default\offensive_leechmana_03.dbr,69,I,吸干的_0
77,1.0,哨兵的,25,+2到防御专精的技能,项链,records\item\lootmagicalaffixes\prefix\default\character_skillmasteryb_02.dbr,73,M,哨兵的_0
26,1.0,哲人的,40,＋210法力,臂、盾、戒,records\item\lootmagicalaffixes\prefix\default\character_attributeenergy_05.dbr,75,O,哲人的_0
178,1.0,嗜血的,8,12生命吸取*3,锤、斧、弓,records\item\lootmagicalaffixes\prefix\default\offensive_leechlife_02.dbr,69,I,嗜血的_0
10,1.0,圣人的,44,＋250法力,臂、盾、戒,records\item\lootmagicalaffixes\prefix\default\character_attributeenergy_06.dbr,75,O,圣人的_0
27,1.0,坚固的,40,+40护甲,臂、头、腿,records\item\lootmagicalaffixes\prefix\default\defensive_protection_07.dbr,70,J,坚固的_0
188,1.0,坚强的,3,+8%穿刺抵抗,臂、盾、头,records\item\lootmagicalaffixes\prefix\default\defensive_resistpierce_01.dbr,72,L,坚强的_0
166,1.0,坚硬的,11,+5%生命+8%力量,臂、盾、戒,records\item\lootmagicalaffixes\prefix\default\rare_strlife_01.dbr,62,B,坚硬的_0
184,1.0,坚韧的,3,+4护甲,臂、头、腿,records\item\lootmagicalaffixes\prefix\default\defensive_protection_01.dbr,70,J,坚韧的_0
98,1.0,堕落的,21,+30%伤害+45点战斗能力,锤、斧、弓,records\item\lootmagicalaffixes\prefix\default\rare_oa%dmg_03.dbr,61,A,堕落的_0
80,1.0,大巫师的,25,+2到大地专精的技能,项链,records\item\lootmagicalaffixes\prefix\default\character_skillmasterye_02.dbr,73,M,大巫师的_0
6,1.0,大法师的,46,+20%元素伤害+15%攻击速度,杖,records\xpack\item\lootmagicalaffixes\prefix\default\rare_%elementaldmg%atkspd_03.dbr,81,U,大法师的_0
43,1.0,妖术师的,35,+150法力+每秒5点法力恢复+100%法力恢复速度,？,records\xpack\item\lootmagicalaffixes\prefix\default\rare_manamanaregen%manaregen_02.dbr,84,X,妖术师的_0
183,1.0,学徒的,3,＋50法力,臂、盾、戒,records\item\lootmagicalaffixes\prefix\default\character_attributeenergy_01.dbr,75,O,学徒的_0
144,1.0,学者的,12,＋90法力,臂、盾、戒,records\item\lootmagicalaffixes\prefix\default\character_attributeenergy_02.dbr,75,O,学者的_0
87,1.0,寒冷的,25,21-32冰冷伤害,锤、斧、弓,records\item\lootmagicalaffixes\prefix\default\offensive_damagecold_04.dbr,70,J,寒冷的_0
74,1.0,导师的,25,＋130法力,臂、盾、戒,records\item\lootmagicalaffixes\prefix\default\character_attributeenergy_03.dbr,75,O,导师的_0
130,1.0,尊贵的,15,+85%生命恢复+75%法力恢复,头、胸,records\item\lootmagicalaffixes\prefix\default\rare_exalted_01.dbr,62,B,尊贵的_0
162,1.0,尖锐的,11,9-19穿刺伤害+15流血伤害*3,弓、剑、矛,records\item\lootmagicalaffixes\prefix\default\rare_piercebleed_01.dbr,66,F,尖锐的_0
136,1.0,山地人的,15,+15伤害+30%冰冷抗性+每秒1点生命恢复+减慢攻击速度15%反击,胸(战),records\item\lootmagicalaffixes\prefix\default\rare_mountaineers_01.dbr,67,G,山地人的_0
135,1.0,崇拜的,15,+20%伤害+8%元素抗性+35%眩晕抗性+每秒1点生命恢复,胸(战),records\item\lootmagicalaffixes\prefix\default\rare_juggernaught'sarmor_01.dbr,74,N,崇拜的_0
14,1.0,巨大的,42,35-53额外伤害,锤、斧、弓,records\item\lootmagicalaffixes\prefix\default\offensive_damagebonus_05.dbr,71,K,巨大的_0
196,1.0,干枯的,3,8法力吸取*3,锤、斧、弓,records\item\lootmagicalaffixes\prefix\default\offensive_leechmana_01.dbr,69,I,干枯的_0
61,1.0,庄严的,31,+2到所有技能,项链,records\item\lootmagicalaffixes\prefix\default\rare_skillall_02.dbr,63,C,庄严的_0
116,1.0,庄严的,18,+10%智力+10%敏捷+10%力量,头,records\item\lootmagicalaffixes\prefix\default\rare_stately_01.dbr,62,B,庄严的_1
32,1.0,庞大的,39,+180生命+20%生命,？,records\item\lootmagicalaffixes\prefix\default\rare_mammoth_01.dbr,62,B,庞大的_0
86,1.0,庞大的,25,22-35额外伤害,锤、斧、弓,records\item\lootmagicalaffixes\prefix\default\offensive_damagebonus_04.dbr,71,K,庞大的_1
105,1.0,废除的,18,+8%元素抗性,项链,records\item\lootmagicalaffixes\prefix\default\defensive_resistelemental_01.dbr,75,O,废除的_0
101,1.0,强壮的,21,+9%生命+20%力量,臂、盾、戒,records\item\lootmagicalaffixes\prefix\default\rare_strlife_03.dbr,62,B,强壮的_0
81,1.0,德鲁伊的,25,+2到自然专精的技能,项链,records\item\lootmagicalaffixes\prefix\default\character_skillmasteryf_02.dbr,73,M,德鲁伊的_0
91,1.0,怨恨的,25,33毒素伤害*6,锤、斧、弓,records\item\lootmagicalaffixes\prefix\default\offensive_damagepoison_04.dbr,72,L,怨恨的_0
177,1.0,恶毒的,8,12毒素伤害*6,锤、斧、弓,records\item\lootmagicalaffixes\prefix\default\offensive_damagepoison_02.dbr,72,L,恶毒的_0
201,1.0,惯性的,3,+25%减速抗性,臂、头、腿,records\xpack\item\lootmagicalaffixes\suffix\default\defensive_resistslow_01.dbr,76,P,惯性的_0
194,1.0,感染的,3,6毒素伤害*6,锤、斧、弓,records\item\lootmagicalaffixes\prefix\default\offensive_damagepoison_01.dbr,72,L,感染的_0
191,1.0,愤怒的,3,2-5火焰伤害,锤、斧、弓,records\item\lootmagicalaffixes\prefix\default\offensive_damagefire_01.dbr,70,J,愤怒的_0
103,1.0,成功的,19,+10%护甲防御+10%伤害反弹,盾,records\xpack\item\lootmagicalaffixes\prefix\default\rare_%protect%dmgreflect_01.dbr,80,T,成功的_0
145,1.0,战士的,12,+1到战斗专精的技能,锤、斧、项,records\item\lootmagicalaffixes\prefix\default\character_skillmasterya_01.dbr,73,M,战士的_0
134,1.0,戴奥真尼斯的,15,+10%智力+5%法力,臂(法)、戒,records\item\lootmagicalaffixes\prefix\default\rare_intmana_01.dbr,62,B,戴奥真尼斯的_0
68,1.0,打孔的,28,27-36穿刺伤害+37流血伤害*3,弓、剑、矛,records\item\lootmagicalaffixes\prefix\default\rare_piercebleed_03.dbr,66,F,打孔的_0
44,1.0,抗性的,34,+40%冰冷抗性,臂、盾、戒,records\item\lootmagicalaffixes\prefix\default\defensive_resistcold_03.dbr,70,J,抗性的_0
46,1.0,抗性的,34,+40%火焰抗性,臂、盾、戒,records\item\lootmagicalaffixes\prefix\default\defensive_resistfire_03.dbr,70,J,抗性的_1
47,1.0,抗性的,34,+40%闪电抗性,臂、盾、戒,records\item\lootmagicalaffixes\prefix\default\defensive_resistlightning_03.dbr,75,O,抗性的_2
48,1.0,抗性的,34,+23%冰冷抗性+23%火焰抗性,盾、戒指、,records\item\lootmagicalaffixes\prefix\default\defensive_resistmulti_coldfire_03.dbr,80,T,抗性的_3
49,1.0,抗性的,34,+23%火焰抗性+23%闪电抗性,盾、戒指、,records\item\lootmagicalaffixes\prefix\default\defensive_resistmulti_firelightning_03.dbr,85,Y,抗性的_4
50,1.0,抗性的,34,+23%冰冷抗性+23%闪电抗性,盾、戒指、,records\item\lootmagicalaffixes\prefix\default\defensive_resistmulti_lightningcold_03.dbr,85,Y,抗性的_5
141,1.0,招魂者的,14,[所有宠物]+5%元素伤害+15元素伤害,戒指、项链,records\xpack\item\lootmagicalaffixes\prefix\default\petbonus_elementaldmg_02.dbr,77,Q,招魂者的_0
142,1.0,招魂者的,14,[所有宠物]+5%活力伤害+15活力伤害,戒指、项链,records\xpack\item\lootmagicalaffixes\prefix\default\petbonus_lifedmg_02.dbr,72,L,招魂者的_1
143,1.0,招魂者的,14,[所有宠物]+18伤害+5%伤害,戒指、项链,records\xpack\item\lootmagicalaffixes\prefix\default\petbonus_physicaldmg_02.dbr,76,P,招魂者的_2
92,1.0,掠血的,25,32生命吸取*3,锤、斧、弓,records\item\lootmagicalaffixes\prefix\default\offensive_leechlife_04.dbr,69,I,掠血的_0
149,1.0,操焰者的,12,+1到大地专精的技能,项链,records\item\lootmagicalaffixes\prefix\default\character_skillmasterye_01.dbr,73,M,操焰者的_0
60,1.0,无情的,31,+35%伤害+50点战斗能力,锤、斧、弓,records\item\lootmagicalaffixes\prefix\default\rare_oa%dmg_04.dbr,61,A,无情的_0
45,1.0,无效的,34,+18%元素抗性,项链、杖,records\item\lootmagicalaffixes\prefix\default\defensive_resistelemental_03.dbr,75,O,无效的_0
159,1.0,暴风召唤者的,12,+1到风暴专精的技能,项链,records\item\lootmagicalaffixes\prefix\default\character_skillmasteryh_01.dbr,73,M,暴风召唤者的_0
113,1.0,杀人的,18,5%几率发动减少敌人生命25%+21%伤害+50点战斗能力,锤、斧、弓,records\item\lootmagicalaffixes\prefix\default\rare_oa%currentlife_02.dbr,69,I,杀人的_0
57,1.0,极限的,32,66%减慢攻击,锤、斧、剑,records\item\lootmagicalaffixes\prefix\default\offensive_reducedattackspeed_03.dbr,78,R,极限的_0
59,1.0,柏拉图的,31,+20%智力+5%法力,臂(法)、戒,records\item\lootmagicalaffixes\prefix\default\rare_intmana_03.dbr,62,B,柏拉图的_0
195,1.0,染血的,3,5生命吸取*3,锤、斧、弓,records\item\lootmagicalaffixes\prefix\default\offensive_leechlife_01.dbr,69,I,染血的_0
117,1.0,柔软的,15,-13全部属性要求,臂、锤、盾,records\item\lootmagicalaffixes\prefix\default\character_reducedequipreq_02.dbr,75,O,柔软的_0
5,1.0,棱柱的,47,+19元素伤害+21%元素抗性+12%伤害反弹,项链,records\item\lootmagicalaffixes\prefix\default\rare_prismatic_04.dbr,64,D,棱柱的_0
39,1.0,棱柱的,35,+15元素伤害+15%元素抗性+10%伤害反弹,项链,records\item\lootmagicalaffixes\prefix\default\rare_prismatic_03.dbr,64,D,棱柱的_1
100,1.0,棱柱的,21,+9元素伤害+15%元素抗性+10%伤害反弹,项链,records\item\lootmagicalaffixes\prefix\default\rare_prismatic_02.dbr,64,D,棱柱的_2
163,1.0,棱柱的,11,+5元素伤害+15%元素抗性+10%伤害反弹,项链,records\item\lootmagicalaffixes\prefix\default\rare_prismatic_01.dbr,64,D,棱柱的_3
64,1.0,残暴的,30,+15%所有伤害,锤、斧、弓,records\xpack\item\lootmagicalaffixes\prefix\default\rare_%totaldamage_01.dbr,73,M,残暴的_0
109,1.0,残破的,18,50%减慢攻击,锤、斧、剑,records\item\lootmagicalaffixes\prefix\default\offensive_reducedattackspeed_02.dbr,78,R,残破的_0
161,1.0,残酷的,11,+20%伤害+25点战斗能力,锤、斧、弓,records\item\lootmagicalaffixes\prefix\default\rare_oa%dmg_01.dbr,61,A,残酷的_0
36,1.0,污染的,36,+50%毒素伤害+45%毒素抗性-每秒15点生命恢复+50毒素伤害反击*6,臂、头、腿,records\xpack\item\lootmagicalaffixes\prefix\default\rare_negregenpoisonretal%poison_03.dbr,87,,污染的_0
180,1.0,污辱的,8,+30%毒素伤害+20%毒素抗性-每秒3点生命恢复+10毒素伤害反击*6,臂、头、腿,records\xpack\item\lootmagicalaffixes\prefix\default\rare_negregenpoisonretal%poison_01.dbr,87,,污辱的_0
107,1.0,治愈的,18,+26%毒素抗性,臂、盾、头,records\item\lootmagicalaffixes\prefix\default\defensive_resistpoison_03.dbr,72,L,治愈的_0
108,1.0,泄干的,18,14法力吸取*3,锤、斧、弓,records\item\lootmagicalaffixes\prefix\default\offensive_leechmana_02.dbr,69,I,泄干的_0
73,1.0,法师的,28,+15%元素伤害+10%攻击速度,杖,records\xpack\item\lootmagicalaffixes\prefix\default\rare_%elementaldmg%atkspd_02.dbr,81,U,法师的_0
82,1.0,法术师的,25,+2到死灵专精的技能,项链,records\item\lootmagicalaffixes\prefix\default\character_skillmasteryg_02.dbr,73,M,法术师的_0
65,1.0,泰坦巨人的,28,+24%伤害+10%力量,锤、盾、斧,records\item\lootmagicalaffixes\prefix\default\rare_%dmgstr_02.dbr,62,B,泰坦巨人的_0
150,1.0,流浪者的,12,+1到自然专精的技能,项链,records\item\lootmagicalaffixes\prefix\default\character_skillmasteryf_01.dbr,73,M,流浪者的_0
190,1.0,淬冷的,3,2-5冰冷伤害,锤、斧、弓,records\item\lootmagicalaffixes\prefix\default\offensive_damagecold_01.dbr,70,J,淬冷的_0
154,1.0,清洁的,12,+16%毒素抗性,臂、盾、头,records\item\lootmagicalaffixes\prefix\default\defensive_resistpoison_02.dbr,72,L,清洁的_0
148,1.0,游侠的,12,+1到盗贼专精的技能,剑、项链,records\item\lootmagicalaffixes\prefix\default\character_skillmasteryd_01.dbr,73,M,游侠的_0
102,1.0,滚烫的,20,+8火焰伤害+12燃烧伤害*3,锤、斧、弓,records\item\lootmagicalaffixes\prefix\default\rare_fireburn_01.dbr,63,C,滚烫的_0
123,1.0,灼热的,15,11-20火焰伤害,锤、斧、弓,records\item\lootmagicalaffixes\prefix\default\offensive_damagefire_03.dbr,70,J,灼热的_0
139,1.0,炼金术士的,15,+50法力+每秒2点法力恢复+50%法力恢复速度,？,records\xpack\item\lootmagicalaffixes\prefix\default\rare_manamanaregen%manaregen_01.dbr,84,X,炼金术士的_0
16,1.0,炽热的,42,33-50火焰伤害,锤、斧、弓,records\item\lootmagicalaffixes\prefix\default\offensive_damagefire_05.dbr,70,J,炽热的_0
63,1.0,熔化的,30,+16火焰伤害+27燃烧伤害*3,锤、斧、弓,records\item\lootmagicalaffixes\prefix\default\rare_fireburn_02.dbr,63,C,熔化的_0
29,1.0,熔岩的,40,+28火焰伤害+51燃烧伤害*3,锤、斧、弓,records\item\lootmagicalaffixes\prefix\default\rare_fireburn_03.dbr,63,C,熔岩的_0
174,1.0,燃烧的,8,5-11火焰伤害,锤、斧、弓,records\item\lootmagicalaffixes\prefix\default\offensive_damagefire_02.dbr,70,J,燃烧的_0
89,1.0,爆电的,25,11-42闪电伤害,锤、斧、弓,records\item\lootmagicalaffixes\prefix\default\offensive_damagelightning_04.dbr,75,O,爆电的_0
104,1.0,牢固的,18,+21护甲,臂、头、腿,records\item\lootmagicalaffixes\prefix\default\defensive_protection_04.dbr,70,J,牢固的_0
110,1.0,独眼巨人的,18,+18%伤害+10%力量,锤、盾、斧,records\item\lootmagicalaffixes\prefix\default\rare_%dmgstr_01.dbr,62,B,独眼巨人的_0
147,1.0,猎人的,12,+1到狩猎专精的技能,弓、矛、项,records\item\lootmagicalaffixes\prefix\default\character_skillmasteryc_01.dbr,73,M,猎人的_0
35,1.0,献祭的,38,-50%生命-每秒18点生命恢复+30%经验,项链,records\item\lootmagicalaffixes\prefix\default\rare_sacraficial_01.dbr,66,F,献祭的_0
0,1.0,玷污的,50,+25%活力伤害,戒指、项链,records\xpack\item\lootmagicalaffixes\prefix\default\rare_%lifedmgmanaburn_03.dbr,77,Q,玷污的_0
176,1.0,磨利的,8,6-10穿刺伤害,弓、剑、矛,records\item\lootmagicalaffixes\prefix\default\offensive_damagepierce_02.dbr,72,L,磨利的_0
129,1.0,礼仪的,15,+50%吸收法力抵抗+8%智力+8%经验+每秒1点法力恢复,头,records\item\lootmagicalaffixes\prefix\default\rare_cerimonial_01.dbr,65,E,礼仪的_0
40,1.0,祈求者的,35,[所有宠物]+10%元素伤害+40元素伤害,戒指、项链,records\xpack\item\lootmagicalaffixes\prefix\default\petbonus_elementaldmg_04.dbr,77,Q,祈求者的_0
41,1.0,祈求者的,35,[所有宠物]+10%活力伤害+40活力伤害,戒指、项链,records\xpack\item\lootmagicalaffixes\prefix\default\petbonus_lifedmg_04.dbr,72,L,祈求者的_1
42,1.0,祈求者的,35,[所有宠物]+47伤害+10%伤害,戒指、项链,records\xpack\item\lootmagicalaffixes\prefix\default\petbonus_physicaldmg_04.dbr,76,P,祈求者的_2
115,1.0,神圣的,18,+1到所有技能,项链,records\item\lootmagicalaffixes\prefix\default\rare_skillall_01.dbr,63,C,神圣的_0
131,1.0,神圣的,15,+50%活力抵抗+每秒1点生命恢复+1所有技能,头,records\item\lootmagicalaffixes\prefix\default\rare_hallowed_01.dbr,63,C,神圣的_1
25,1.0,神秘的,42,+10%元素伤害+100%施展速度,戒指、项链,records\xpack\item\lootmagicalaffixes\prefix\default\rare_castspeed%elementaldmg_01.dbr,83,W,神秘的_0
21,1.0,祭司的,42,[所有宠物]+12%元素伤害+60元素伤害,戒指、项链,records\xpack\item\lootmagicalaffixes\prefix\default\petbonus_elementaldmg_05.dbr,77,Q,祭司的_0
22,1.0,祭司的,42,[所有宠物]+12%活力伤害+60活力伤害,戒指、项链,records\xpack\item\lootmagicalaffixes\prefix\default\petbonus_lifedmg_05.dbr,72,L,祭司的_1
23,1.0,祭司的,42,[所有宠物]+70伤害+12%伤害,戒指、项链,records\xpack\item\lootmagicalaffixes\prefix\default\petbonus_physicaldmg_05.dbr,76,P,祭司的_2
169,1.0,符咒编织者的,10,+10%元素伤害+10%攻击速度,杖,records\xpack\item\lootmagicalaffixes\prefix\default\rare_%elementaldmg%atkspd_01.dbr,81,U,符咒编织者的_0
202,1.0,笨重地,3,2-7额外伤害,锤、斧、弓,records\item\lootmagicalaffixes\prefix\default\offensive_damagebonus_01.dbr,71,K,笨重地_0
84,1.0,粗糙的,25,+27护甲,臂、头、腿,records\item\lootmagicalaffixes\prefix\default\defensive_protection_05.dbr,70,J,粗糙的_0
157,1.0,织梦者的,12,+1到梦幻之境的所有技能,项链,records\xpack\item\lootmagicalaffixes\prefix\default\character_skillmasterydream_01.dbr,83,W,织梦者的_0
138,1.0,结实的,15,+7%生命+14%力量,臂、盾、戒,records\item\lootmagicalaffixes\prefix\default\rare_strlife_02.dbr,62,B,结实的_0
171,1.0,结实的,8,+9护甲,臂、头、腿,records\item\lootmagicalaffixes\prefix\default\defensive_protection_02.dbr,70,J,结实的_1
106,1.0,缓和的,18,+26%穿刺抵抗,臂、盾、头,records\item\lootmagicalaffixes\prefix\default\defensive_resistpierce_03.dbr,72,L,缓和的_0
9,1.0,耀眼的,45,+55护甲+45力量+100伤害对恶魔,臂(战)、头,records\xpack\item\lootmagicalaffixes\prefix\default\rare_demonprotectstrarmor_04.dbr,81,U,耀眼的_0
167,1.0,老兵的,11,+10%物理伤害抗性+15%防御能力+15%躲避投射物,胸(战),records\item\lootmagicalaffixes\prefix\default\rare_veteransarmor_01.dbr,68,H,老兵的_0
168,1.0,老兵的,11,+19%伤害+12%攻击速度+15%战斗能力,锤、斧、弓,records\item\lootmagicalaffixes\prefix\default\rare_veteransweapon_01.dbr,69,I,老兵的_1
152,1.0,耐用的,12,+15护甲,臂、头、腿,records\item\lootmagicalaffixes\prefix\default\defensive_protection_03.dbr,70,J,耐用的_0
160,1.0,背叛的,11,5%几率发动减少敌人生命15%+30点战斗能力+3秒技能打断,锤、斧、弓,records\item\lootmagicalaffixes\prefix\default\rare_oa%currentlife_01.dbr,69,I,背叛的_0
140,1.0,自主的,15,+35%睡眠抵抗、眩晕抵抗、减少陷阱持续时间、减少冰冻持续时间、缓,腿,records\xpack\item\lootmagicalaffixes\suffix\default\rare_resistmobilityimpairment_03.dbr,85,Y,自主的_0
19,1.0,致命的,42,52毒素伤害*6,锤、斧、弓,records\item\lootmagicalaffixes\prefix\default\offensive_damagepoison_05.dbr,72,L,致命的_0
126,1.0,致病的,15,19毒素伤害*6,锤、斧、弓,records\item\lootmagicalaffixes\prefix\default\offensive_damagepoison_03.dbr,72,L,致病的_0
7,1.0,苏格拉底的,45,+20%智力+10%法力,臂(法)、戒,records\item\lootmagicalaffixes\prefix\default\rare_intmana_04.dbr,62,B,苏格拉底的_0
1,1.0,苛刻的,48,+30%所有伤害,锤、斧、弓,records\xpack\item\lootmagicalaffixes\prefix\default\rare_%totaldamage_02.dbr,73,M,苛刻的_0
111,1.0,苦涩的,18,+11冰冷伤害+减慢速度15%,锤、斧、弓,records\item\lootmagicalaffixes\prefix\default\rare_coldslow_01.dbr,63,C,苦涩的_0
3,1.0,荣誉卫士的,47,+60护甲+50%穿刺抵抗+50%眩晕抵抗,项链、胸,records\item\lootmagicalaffixes\prefix\default\rare_honorguards_05.dbr,66,F,荣誉卫士的_0
31,1.0,荣誉卫士的,39,+45护甲+36%穿刺抵抗+50%眩晕抵抗,项链、胸,records\item\lootmagicalaffixes\prefix\default\rare_honorguards_04.dbr,66,F,荣誉卫士的_1
67,1.0,荣誉卫士的,28,+30护甲+25%穿刺抵抗+50%眩晕抵抗,项链、胸,records\item\lootmagicalaffixes\prefix\default\rare_honorguards_03.dbr,66,F,荣誉卫士的_2
96,1.0,荣誉卫士的,21,+18护甲+18%穿刺抵抗+50%眩晕抵抗,项链、胸,records\item\lootmagicalaffixes\prefix\default\rare_honorguards_02.dbr,66,F,荣誉卫士的_3
132,1.0,荣誉卫士的,15,+10护甲+12%穿刺抵抗+50%眩晕抵抗,项链、胸,records\item\lootmagicalaffixes\prefix\default\rare_honorguards_01.dbr,66,F,荣誉卫士的_4
151,1.0,萨满的,12,+1到死灵专精的技能,项链,records\item\lootmagicalaffixes\prefix\default\character_skillmasteryg_01.dbr,73,M,萨满的_0
197,1.0,虚弱的,3,33%减慢攻击,锤、斧、剑,records\item\lootmagicalaffixes\prefix\default\offensive_reducedattackspeed_01.dbr,78,R,虚弱的_0
62,1.0,被弃的,31,+20%活力伤害,戒指、项链,records\xpack\item\lootmagicalaffixes\prefix\default\rare_%lifedmgmanaburn_02.dbr,77,Q,被弃的_0
137,1.0,被诅咒的,15,+10%元素伤害+33%吸收法力抵抗+5%法力+30%吸收攻击能量,头(法),records\item\lootmagicalaffixes\prefix\default\rare_spellboundarmor_01.dbr,70,J,被诅咒的_0
158,1.0,被诅咒的,12,+15%活力伤害,戒指、项链,records\xpack\item\lootmagicalaffixes\prefix\default\rare_%lifedmgmanaburn_01.dbr,77,Q,被诅咒的_1
165,1.0,被诅咒的,11,+15%元素伤害+8%法力-15%法力消耗,项链,records\item\lootmagicalaffixes\prefix\default\rare_spellbound_01.dbr,65,E,被诅咒的_2
20,1.0,贪婪的,42,49生命吸取*3,锤、斧、弓,records\item\lootmagicalaffixes\prefix\default\offensive_leechlife_05.dbr,69,I,贪婪的_0
127,1.0,贪血的,15,21生命吸取*3,锤、斧、弓,records\item\lootmagicalaffixes\prefix\default\offensive_leechlife_03.dbr,69,I,贪血的_0
12,1.0,赫拉克勒斯的,43,+32%伤害+10%力量,锤、盾、斧,records\item\lootmagicalaffixes\prefix\default\rare_%dmgstr_03.dbr,62,B,赫拉克勒斯的_0
170,1.0,轻便的,8,-8全部属性要求,臂、锤、盾,records\item\lootmagicalaffixes\prefix\default\character_reducedequipreq_01.dbr,75,O,轻便的_0
78,1.0,追踪者的,25,+2到狩猎专精的技能,弓、矛、项,records\item\lootmagicalaffixes\prefix\default\character_skillmasteryc_02.dbr,73,M,追踪者的_0
88,1.0,酷热的,25,21-32火焰伤害,锤、斧、弓,records\item\lootmagicalaffixes\prefix\default\offensive_damagefire_04.dbr,70,J,酷热的_0
33,1.0,野蛮的,39,+45%伤害+65点战斗能力,锤、斧、弓,records\item\lootmagicalaffixes\prefix\default\rare_oa%dmg_06.dbr,61,A,野蛮的_0
125,1.0,锋利的,15,13-19穿刺伤害,弓、剑、矛,records\item\lootmagicalaffixes\prefix\default\offensive_damagepierce_03.dbr,72,L,锋利的_0
193,1.0,锐利的,3,3-5穿刺伤害,弓、剑、矛,records\item\lootmagicalaffixes\prefix\default\offensive_damagepierce_01.dbr,72,L,锐利的_0
146,1.0,防卫者的,12,+1到防御专精的技能,盾、项链,records\item\lootmagicalaffixes\prefix\default\character_skillmasteryb_01.dbr,73,M,防卫者的_0
185,1.0,防护的,3,+10%冰冷抗性,臂、盾、戒,records\item\lootmagicalaffixes\prefix\default\defensive_resistcold_01.dbr,70,J,防护的_0
186,1.0,防护的,3,+10%火焰抗性,臂、盾、戒,records\item\lootmagicalaffixes\prefix\default\defensive_resistfire_01.dbr,70,J,防护的_1
187,1.0,防护的,3,+10%闪电抗性,臂、盾、戒,records\item\lootmagicalaffixes\prefix\default\defensive_resistlightning_01.dbr,75,O,防护的_2
118,1.0,隔绝的,15,+23%冰冷抗性,臂、盾、戒,records\item\lootmagicalaffixes\prefix\default\defensive_resistcold_02.dbr,70,J,隔绝的_0
119,1.0,隔绝的,15,+23%火焰抗性,臂、盾、戒,records\item\lootmagicalaffixes\prefix\default\defensive_resistfire_02.dbr,70,J,隔绝的_1
120,1.0,隔绝的,15,+23%闪电抗性,臂、盾、戒,records\item\lootmagicalaffixes\prefix\default\defensive_resistlightning_02.dbr,75,O,隔绝的_2
17,1.0,雷电的,42,16-67闪电伤害,锤、斧、弓,records\item\lootmagicalaffixes\prefix\default\offensive_damagelightning_05.dbr,75,O,雷电的_0
192,1.0,静电的,3,1-7闪电伤害,锤、斧、弓,records\item\lootmagicalaffixes\prefix\default\offensive_damagelightning_01.dbr,75,O,静电的_0
198,1.0,驯兽者的,3,[所有宠物]+5%元素伤害+8元素伤害,戒指、项链,records\xpack\item\lootmagicalaffixes\prefix\default\petbonus_elementaldmg_01.dbr,77,Q,驯兽者的_0
199,1.0,驯兽者的,3,[所有宠物]+5%活力伤害+8活力伤害,戒指、项链,records\xpack\item\lootmagicalaffixes\prefix\default\petbonus_lifedmg_01.dbr,72,L,驯兽者的_1
200,1.0,驯兽者的,3,[所有宠物]+10伤害+5%伤害,戒指、项链,records\xpack\item\lootmagicalaffixes\prefix\default\petbonus_physicaldmg_01.dbr,76,P,驯兽者的_2
173,1.0,麻木的,8,5-11冰冷伤害,锤、斧、弓,records\item\lootmagicalaffixes\prefix\default\offensive_damagecold_02.dbr,70,J,麻木的_0
207,2.0,不朽之,45,+450生命,臂、盾、弓,records\item\lootmagicalaffixes\suffix\default\character_attributelife_06.dbr,73,M,不朽之_0
246,2.0,专家之,28,+55防御能力,臂、盾、戒,records\item\lootmagicalaffixes\suffix\default\character_abilitydefensive_05.dbr,76,P,专家之_0
247,2.0,专家之,28,+55战斗能力,锤、盾、斧,records\item\lootmagicalaffixes\suffix\default\character_abilityoffensive_05.dbr,76,P,专家之_1
213,2.0,众神之,42,500生命+500法力+10%所有伤害,胸,records\xpack\item\lootmagicalaffixes\suffix\default\rare_healthmanatotaldmg_03.dbr,79,S,众神之_0
214,2.0,优雅之,40,+33敏捷,臂、锤、盾,records\item\lootmagicalaffixes\suffix\default\character_attributedexterity_05.dbr,78,R,优雅之_0
267,2.0,传奇之,24,+40%毒素伤害+35%毒素抗性-每秒7点生命恢复+25毒素伤害反击*6,头,records\xpack\item\lootmagicalaffixes\suffix\default\rare_%xp%elementalresist_03.dbr,80,T,传奇之_0
236,2.0,促进之,34,+65%减速抗性,臂、头、腿,records\xpack\item\lootmagicalaffixes\suffix\default\defensive_resistslow_03.dbr,76,P,促进之_0
307,2.0,保护之,12,+9%护甲防御,胸,records\item\lootmagicalaffixes\suffix\default\defensive_%protection_01.dbr,71,K,保护之_0
326,2.0,再生之,8,+50%生命恢复速度,臂、盾、头,records\item\lootmagicalaffixes\suffix\default\character_regenlife_02.dbr,69,I,再生之_0
269,2.0,冠军之,24,100生命+100法力+5%所有伤害,胸,records\xpack\item\lootmagicalaffixes\suffix\default\rare_healthmanatotaldmg_01.dbr,79,S,冠军之_0
226,2.0,冬之,36,+28冰冷伤害+24%冰冷伤害,杖,records\item\lootmagicalaffixes\suffix\default\offensive_+%cold_04.dbr,66,F,冬之_0
294,2.0,冰之,15,+12冰冷伤害+13%冰冷伤害,锤、斧、弓,records\item\lootmagicalaffixes\suffix\default\offensive_+%cold_02.dbr,66,F,冰之_0
266,2.0,分解之,25,降低护甲防御58点持续3秒,锤、斧、矛,records\item\lootmagicalaffixes\suffix\default\offensive_reducedprotection_03.dbr,77,Q,分解之_0
305,2.0,刚强之,12,+18力量,臂、锤、盾,records\item\lootmagicalaffixes\suffix\default\character_attributestrength_03.dbr,77,Q,刚强之_0
325,2.0,力气之,8,+11力量,臂、锤、盾,records\item\lootmagicalaffixes\suffix\default\character_attributestrength_02.dbr,77,Q,力气之_0
289,2.0,动力之,15,+42%减速抗性,臂、头、腿,records\xpack\item\lootmagicalaffixes\suffix\default\defensive_resistslow_02.dbr,76,P,动力之_0
216,2.0,博学之,40,+33智力,臂、锤、盾,records\item\lootmagicalaffixes\suffix\default\character_attributeintelligence_05.dbr,81,U,博学之_0
256,2.0,占星家之,25,+5%智力+10%法力-15%冷却时间(本人验证为不减CD，待查),头(法),records\xpack\item\lootmagicalaffixes\suffix\default\rare_%cooldown%mana_01.dbr,75,O,占星家之_0
311,2.0,卤莽权力之,11,+30%伤害+10%攻击速度+8%力量-每秒1点生命恢复,锤、斧、剑,records\item\lootmagicalaffixes\suffix\default\rare_%dmg%str-liferegen_01.dbr,73,M,卤莽权力之_0
244,2.0,叛逆者之,30,+25%攻击伤害转换为自身生命+30点战斗能力+33%降低抗性持续3秒,？,records\item\lootmagicalaffixes\suffix\default\rare_betrayer_01.dbr,63,C,叛逆者之_0
308,2.0,可靠之,12,+40%法力吸收抵抗+50%眩晕抵抗+每秒1点生命恢复,头,records\item\lootmagicalaffixes\suffix\default\defensive_stunresist_02.dbr,70,J,可靠之_0
245,2.0,名望之,28,+8%元素抗性+3%经验增加,头,records\xpack\item\lootmagicalaffixes\suffix\default\rare_%xp%elementalresist_02.dbr,80,T,名望之_0
282,2.0,吞吃之,18,+7活力伤害+7%攻击伤害转化为自身生命+18%生命吸收,锤、斧、弓,records\item\lootmagicalaffixes\suffix\default\offensive_damage%lifeleech_01.dbr,76,P,吞吃之_0
306,2.0,和谐之,12,-8%冷却时间,盾、头(法),records\item\lootmagicalaffixes\suffix\default\character_cooldownreduction_01.dbr,77,Q,和谐之_0
206,2.0,噩梦之,45,+60活力伤害+10%几率发动3秒眩晕,锤、斧、弓,records\xpack\item\lootmagicalaffixes\suffix\default\rare_lifedmgreducedresist_03.dbr,81,U,噩梦之_0
339,2.0,圈套之,7,+25穿刺伤害+15移动速度,弓、腿(战),records\item\lootmagicalaffixes\suffix\default\rare_speedrun%pierce_01.dbr,70,J,圈套之_0
228,2.0,地狱火之,36,+28火焰伤害+24%火焰伤害,杖,records\item\lootmagicalaffixes\suffix\default\offensive_+%fire_04.dbr,66,F,地狱火之_0
235,2.0,坚韧之,34,+65%睡眠抗性,臂、头、腿,records\xpack\item\lootmagicalaffixes\suffix\default\defensive_resistsleep_03.dbr,77,Q,坚韧之_0
230,2.0,塞壬之,36,+15%元素伤害+15%燃烧法力(50%燃烧法力并造成伤害)+10%发动5秒混乱,？,records\item\lootmagicalaffixes\suffix\default\rare_siren_01.dbr,60,@,塞壬之_0
254,2.0,复仇之,28,15%几率发动19-25点生命吸取反击,盾、头、胸,records\item\lootmagicalaffixes\suffix\default\retaliation_leechlife_03.dbr,71,K,复仇之_0
262,2.0,复兴之,25,+80%生命恢复速度,臂、盾、头,records\item\lootmagicalaffixes\suffix\default\character_regenlife_04.dbr,69,I,复兴之_0
290,2.0,天资之,15,+35防御能力,臂、盾、戒,records\item\lootmagicalaffixes\suffix\default\character_abilitydefensive_03.dbr,76,P,天资之_0
291,2.0,天资之,15,+35战斗能力,锤、盾、斧,records\item\lootmagicalaffixes\suffix\default\character_abilityoffensive_03.dbr,76,P,天资之_1
354,2.0,奴役之,3,[所有宠物]+10护甲+40生命,戒指、项链,records\xpack\item\lootmagicalaffixes\suffix\default\petbonus_healtharmor_01.dbr,76,P,奴役之_0
271,2.0,威力之,22,+45防御能力,臂、盾、戒,records\item\lootmagicalaffixes\suffix\default\character_abilitydefensive_04.dbr,76,P,威力之_0
272,2.0,威力之,22,+45战斗能力,锤、盾、斧,records\item\lootmagicalaffixes\suffix\default\character_abilityoffensive_04.dbr,76,P,威力之_1
220,2.0,守护之,40,+23%护甲防御,胸,records\item\lootmagicalaffixes\suffix\default\defensive_%protection_03.dbr,71,K,守护之_0
268,2.0,安慰之,24,+6%几率发动100%物理伤害抗性（无持续时间疑为失败品）,头、胸,records\xpack\item\lootmagicalaffixes\suffix\default\rare_chancetoresistall_02.dbr,78,R,安慰之_0
309,2.0,屠杀之,12,+7伤害+20%伤害,锤、斧、弓,records\item\lootmagicalaffixes\suffix\default\offensive_+%damage_02.dbr,68,H,屠杀之_0
336,2.0,巨针之,8,15%几率发动9-15点穿刺反击,盾、头、胸,records\item\lootmagicalaffixes\suffix\default\retaliation_pierce_01.dbr,68,H,巨针之_0
318,2.0,巨风之,11,+15%移动速度+5%敏捷,盾、弓、矛,records\item\lootmagicalaffixes\suffix\default\rare_speedattack%dex_01.dbr,70,J,巨风之_0
331,2.0,巫术之,8,+50%伤害对亡灵,锤,records\item\lootmagicalaffixes\suffix\default\offensive_+%damage to undead_01.dbr,78,R,巫术之_0
292,2.0,幸存之,15,+145生命,臂、盾、弓,records\item\lootmagicalaffixes\suffix\default\character_attributelife_03.dbr,73,M,幸存之_0
265,2.0,庇护之,25,+16%护甲防御,胸,records\item\lootmagicalaffixes\suffix\default\defensive_%protection_02.dbr,71,K,庇护之_0
284,2.0,庇护之,18,+8%护甲防御+25点防御能力,盾、胸,records\item\lootmagicalaffixes\suffix\default\rare_da%protect_01.dbr,65,E,庇护之_1
356,2.0,强制之,3,[所有宠物]+40护甲+100生命,戒指、项链,records\xpack\item\lootmagicalaffixes\suffix\default\petbonus_healtharmor_03.dbr,76,P,强制之_0
347,2.0,强壮之,3,+5力量,臂、锤、盾,records\item\lootmagicalaffixes\suffix\default\character_attributestrength_01.dbr,77,Q,强壮之_0
327,2.0,快速之,8,+8%攻击速度,臂、锤、斧,records\item\lootmagicalaffixes\suffix\default\character_speedattack_01.dbr,71,K,快速之_0
323,2.0,思辨之,8,+11智力,臂、锤、盾,records\item\lootmagicalaffixes\suffix\default\character_attributeintelligence_02.dbr,81,U,思辨之_0
263,2.0,急速之,25,+25%攻击速度,臂、锤、斧,records\item\lootmagicalaffixes\suffix\default\character_speedattack_03.dbr,71,K,急速之_0
280,2.0,恐怖之,18,+15活力伤害+10%几率发动3秒眩晕,锤、斧、弓,records\xpack\item\lootmagicalaffixes\suffix\default\rare_lifedmgreducedresist_01.dbr,81,U,恐怖之_0
348,2.0,恢复之,3,+35%生命恢复速度,臂、盾、头,records\item\lootmagicalaffixes\suffix\default\character_regenlife_01.dbr,69,I,恢复之_0
242,2.0,悲惨之,31,12%减少敌人生命+10%几率发动3秒眩晕,锤、斧、弓,records\xpack\item\lootmagicalaffixes\suffix\default\rare_%life+%stun_01.dbr,72,L,悲惨之_0
286,2.0,惩罚之,18,15%几率发动12-18点生命吸取反击,盾、头、胸,records\item\lootmagicalaffixes\suffix\default\retaliation_leechlife_02.dbr,71,K,惩罚之_0
300,2.0,憎恨之,12,+25%伤害对兽人,？,records\xpack\item\lootmagicalaffixes\suffix\default\offensive_+%damage to beastmen_01.dbr,86,Z,憎恨之_0
264,2.0,战役之,25,+30%移动速度,腿,records\item\lootmagicalaffixes\suffix\default\character_speedrun_03.dbr,68,H,战役之_0
210,2.0,折磨,44,15%减慢速度持续4秒+15%流血伤害持续4秒+55电击伤害*4（语法有误疑,锤、斧、弓,records\xpack\item\lootmagicalaffixes\suffix\default\rare_-%speedbleeddmg%bleed_03.dbr,82,V,折磨_0
335,2.0,报复之,8,15%几率发动7-11点生命吸取反击,盾、头、胸,records\item\lootmagicalaffixes\suffix\default\retaliation_leechlife_01.dbr,71,K,报复之_0
232,2.0,招集之,35,[所有宠物]+20%所有伤害+20%伤害转化为自身生命,项链,records\xpack\item\lootmagicalaffixes\suffix\default\rare_petbonus_%totaldmg%dmgtolife_01.dbr,89,,招集之_0
346,2.0,持久之,3,+60生命,臂、盾、弓,records\item\lootmagicalaffixes\suffix\default\character_attributelife_01.dbr,73,M,持久之_0
223,2.0,控制之,38,+65防御能力,臂、盾、戒,records\item\lootmagicalaffixes\suffix\default\character_abilitydefensive_06.dbr,76,P,控制之_0
224,2.0,控制之,38,+65战斗能力,锤、盾、斧,records\item\lootmagicalaffixes\suffix\default\character_abilityoffensive_06.dbr,76,P,控制之_1
321,2.0,敏捷之,8,+11敏捷,臂、锤、盾,records\item\lootmagicalaffixes\suffix\default\character_attributedexterity_02.dbr,78,R,敏捷之_0
304,2.0,敏锐之,12,+18智力,臂、锤、盾,records\item\lootmagicalaffixes\suffix\default\character_attributeintelligence_03.dbr,81,U,敏锐之_0
182,2.0,救援之,5,+4%几率发动100%物理伤害抗性（无持续时间疑为失败品）,头、胸,records\xpack\item\lootmagicalaffixes\suffix\default\rare_chancetoresistall_01.dbr,78,R,救援之_0
251,2.0,救济之,28,+13%护甲防御+35点防御能力,胸,records\item\lootmagicalaffixes\suffix\default\rare_da%protect_02.dbr,65,E,救济之_0
349,2.0,旅之,3,+10%移动速度,腿,records\item\lootmagicalaffixes\suffix\default\character_speedrun_01.dbr,68,H,旅之_0
328,2.0,旅程之,8,+20%移动速度,腿,records\item\lootmagicalaffixes\suffix\default\character_speedrun_02.dbr,68,H,旅程之_0
204,2.0,无上之,46,+75防御能力,臂、盾、戒,records\item\lootmagicalaffixes\suffix\default\character_abilitydefensive_07.dbr,76,P,无上之_0
205,2.0,无上之,46,+75战斗能力,锤、盾、斧,records\item\lootmagicalaffixes\suffix\default\character_abilityoffensive_07.dbr,76,P,无上之_1
340,2.0,晕倒之,5,5%几率发动2秒眩晕,锤、斧、弓,records\item\lootmagicalaffixes\suffix\default\offensive_stun_02.dbr,64,D,晕倒之_0
352,2.0,晕眩之,3,5%几率发动1.5秒眩晕,锤、斧、弓,records\item\lootmagicalaffixes\suffix\default\offensive_stun_01.dbr,64,D,晕眩之_0
211,2.0,暂缓,43,+8%几率发动100%物理伤害抗性（无持续时间疑为失败品）,头、胸,records\xpack\item\lootmagicalaffixes\suffix\default\rare_chancetoresistall_03.dbr,78,R,暂缓_0
276,2.0,暴风之,21,+21闪电伤害+18%闪电伤害,锤、斧、弓,records\item\lootmagicalaffixes\suffix\default\offensive_+%lightning_03.dbr,71,K,暴风之_0
303,2.0,本质之,12,+43法力+12%法力恢复速度,臂、盾、戒,records\item\lootmagicalaffixes\suffix\default\character_attributeenergy_03.dbr,75,O,本质之_0
257,2.0,机敏之,25,+26敏捷,臂、锤、盾,records\item\lootmagicalaffixes\suffix\default\character_attributedexterity_04.dbr,78,R,机敏之_0
217,2.0,权利之,40,+33力量,臂、锤、盾,records\item\lootmagicalaffixes\suffix\default\character_attributestrength_05.dbr,77,Q,权利之_0
215,2.0,权力之,40,+90法力+18%法力恢复速度,臂、盾、戒,records\item\lootmagicalaffixes\suffix\default\character_attributeenergy_05.dbr,75,O,权力之_0
313,2.0,林地之,11,+20%穿刺伤害+50%生命恢复速度+8%几率躲避投射物+35%减少来自野兽的,臂、胸,records\item\lootmagicalaffixes\suffix\default\rare_glade_armor_01.dbr,66,F,林地之_0
314,2.0,林地之,11,+20%穿刺伤害+每秒1点生命恢复速度+15%移动速度+35%减少来自野兽的,腿,records\item\lootmagicalaffixes\suffix\default\rare_glade_legarmor_01.dbr,69,I,林地之_1
351,2.0,毁灭之,3,+3伤害+14%伤害,锤、斧、弓,records\item\lootmagicalaffixes\suffix\default\offensive_+%damage_01.dbr,68,H,毁灭之_0
288,2.0,毅力之,15,+42%睡眠抗性,臂、头、腿,records\xpack\item\lootmagicalaffixes\suffix\default\defensive_resistsleep_02.dbr,77,Q,毅力之_0
239,2.0,永恒之,34,+315生命,臂、盾、弓,records\item\lootmagicalaffixes\suffix\default\character_attributelife_05.dbr,73,M,永恒之_0
261,2.0,沉思之,25,-13%冷却时间,盾、头(法),records\item\lootmagicalaffixes\suffix\default\character_cooldownreduction_02.dbr,77,Q,沉思之_0
258,2.0,法力之,25,+53法力+15%法力恢复速度,臂、盾、戒,records\item\lootmagicalaffixes\suffix\default\character_attributeenergy_04.dbr,75,O,法力之_0
248,2.0,活力之,28,+215生命,臂、盾、弓,records\item\lootmagicalaffixes\suffix\default\character_attributelife_04.dbr,73,M,活力之_0
249,2.0,浩劫之,28,5%几率发动3秒眩晕+40%伤害,锤、斧、剑,records\item\lootmagicalaffixes\suffix\default\rare_%damagestun_03.dbr,66,F,浩劫之_0
310,2.0,混乱之,11,5%几率发动1.5秒眩晕+20%伤害,锤、斧、剑,records\item\lootmagicalaffixes\suffix\default\rare_%damagestun_01.dbr,66,F,混乱之_0
277,2.0,混沌之,21,5%几率发动2秒眩晕+30%伤害,锤、斧、剑,records\item\lootmagicalaffixes\suffix\default\rare_%damagestun_02.dbr,66,F,混沌之_0
332,2.0,火之,8,+6火焰伤害+8%火焰伤害,锤、斧、弓,records\item\lootmagicalaffixes\suffix\default\offensive_+%fire_01.dbr,66,F,火之_0
227,2.0,灭绝之,36,+24伤害+34%伤害,锤、斧、弓,records\item\lootmagicalaffixes\suffix\default\offensive_+%damage_04.dbr,68,H,灭绝之_0
343,2.0,灵巧之,3,+5敏捷,臂、锤、盾,records\item\lootmagicalaffixes\suffix\default\character_attributedexterity_01.dbr,78,R,灵巧之_0
295,2.0,焰之,15,+12火焰伤害+13%火焰伤害,锤、斧、弓,records\item\lootmagicalaffixes\suffix\default\offensive_+%fire_02.dbr,66,F,焰之_0
212,2.0,狮鹫之,43,+12元素伤害+21%元素伤害+14%攻击速度,臂,records\item\lootmagicalaffixes\suffix\default\rare_gryphon_04.dbr,62,B,狮鹫之_0
233,2.0,狮鹫之,35,+8元素伤害+21%元素伤害+12%攻击速度,臂,records\item\lootmagicalaffixes\suffix\default\rare_gryphon_03.dbr,62,B,狮鹫之_1
278,2.0,狮鹫之,21,+5元素伤害+21%元素伤害+10%攻击速度,臂,records\item\lootmagicalaffixes\suffix\default\rare_gryphon_02.dbr,62,B,狮鹫之_2
315,2.0,狮鹫之,11,+3元素伤害+21%元素伤害+8%攻击速度,臂,records\item\lootmagicalaffixes\suffix\default\rare_gryphon_01.dbr,62,B,狮鹫之_3
285,2.0,狸猫之,18,+8%所有速度,项链,records\item\lootmagicalaffixes\suffix\default\rare_speedall_01.dbr,63,C,狸猫之_0
234,2.0,猎鹰之,35,+28穿刺伤害+25%穿刺伤害,弓、剑、矛,records\item\lootmagicalaffixes\suffix\default\rare_pierce%pierce_04.dbr,68,H,猎鹰之_0
209,2.0,猛虎之,45,+18%所有速度,项链,records\item\lootmagicalaffixes\suffix\default\rare_speedall_03.dbr,63,C,猛虎之_0
203,2.0,猛鹫之,47,+36穿刺伤害+30%穿刺伤害,弓、剑、矛,records\item\lootmagicalaffixes\suffix\default\rare_pierce%pierce_05.dbr,68,H,猛鹫之_0
253,2.0,猞猁之,28,+13%所有速度,项链,records\item\lootmagicalaffixes\suffix\default\rare_speedall_02.dbr,63,C,猞猁之_0
279,2.0,猫头鹰之,21,+16穿刺伤害+15%穿刺伤害,弓、剑、戒,records\item\lootmagicalaffixes\suffix\default\rare_pierce%pierce_02.dbr,68,H,猫头鹰之_0
324,2.0,生命之,8,+95生命,臂、盾、弓,records\item\lootmagicalaffixes\suffix\default\character_attributelife_02.dbr,73,M,生命之_0
270,2.0,疼痛之,22,15%减慢速度持续4秒+10%流血伤害持续4秒+15电击伤害*4（语法有误疑,锤、斧、弓,records\xpack\item\lootmagicalaffixes\suffix\default\rare_-%speedbleeddmg%bleed_01.dbr,82,V,疼痛之_0
243,2.0,痛苦之,31,+35活力伤害+10%几率发动3秒眩晕,锤、斧、弓,records\xpack\item\lootmagicalaffixes\suffix\default\rare_lifedmgreducedresist_02.dbr,81,U,痛苦之_0
297,2.0,瘫痪之,15,5%几率发动3秒眩晕,锤、斧、弓,records\item\lootmagicalaffixes\suffix\default\offensive_stun_03.dbr,64,D,瘫痪之_0
275,2.0,硫磺之,21,+21火焰伤害+18%火焰伤害,锤、斧、弓,records\item\lootmagicalaffixes\suffix\default\offensive_+%fire_03.dbr,66,F,硫磺之_0
350,2.0,稳定之,3,+20%法力吸收抵抗+30%眩晕抵抗+每秒1点生命恢复,头,records\item\lootmagicalaffixes\suffix\default\defensive_stunresist_01.dbr,70,J,稳定之_0
221,2.0,粉碎之,40,降低护甲防御101点持续3秒,锤、斧、矛,records\item\lootmagicalaffixes\suffix\default\offensive_reducedprotection_04.dbr,77,Q,粉碎之_0
302,2.0,精巧之,12,+18敏捷,臂、锤、盾,records\item\lootmagicalaffixes\suffix\default\character_attributedexterity_03.dbr,78,R,精巧之_0
322,2.0,精神之,8,+33法力+9%法力恢复速度,臂、盾、戒,records\item\lootmagicalaffixes\suffix\default\character_attributeenergy_02.dbr,75,O,精神之_0
319,2.0,精通之,8,+25防御能力,臂、盾、戒,records\item\lootmagicalaffixes\suffix\default\character_abilitydefensive_02.dbr,76,P,精通之_0
320,2.0,精通之,8,+25战斗能力,锤、盾、斧,records\item\lootmagicalaffixes\suffix\default\character_abilityoffensive_02.dbr,76,P,精通之_1
353,2.0,纪律之,3,+25%睡眠抗性,臂、头、腿,records\xpack\item\lootmagicalaffixes\suffix\default\defensive_resistsleep_01.dbr,77,Q,纪律之_0
273,2.0,结晶之,21,+21冰冷伤害+18%冰冷伤害,锤、斧、弓,records\item\lootmagicalaffixes\suffix\default\offensive_+%cold_03.dbr,66,F,结晶之_0
260,2.0,肌力之,25,+26力量,臂、锤、盾,records\item\lootmagicalaffixes\suffix\default\character_attributestrength_04.dbr,77,Q,肌力之_0
341,2.0,能力之,3,+15防御能力,臂、盾、戒,records\item\lootmagicalaffixes\suffix\default\character_abilitydefensive_01.dbr,76,P,能力之_0
342,2.0,能力之,3,+15战斗能力,锤、盾、斧,records\item\lootmagicalaffixes\suffix\default\character_abilityoffensive_01.dbr,76,P,能力之_1
344,2.0,能量之,3,+23法力+6%法力恢复速度,臂、盾、戒,records\item\lootmagicalaffixes\suffix\default\character_attributeenergy_01.dbr,75,O,能量之_0
334,2.0,腐烂之,8,降低护甲防御13点持续3秒,锤、斧、矛,records\item\lootmagicalaffixes\suffix\default\offensive_reducedprotection_01.dbr,77,Q,腐烂之_0
283,2.0,腐蚀之,18,降低护甲防御27点持续3秒,锤、斧、矛,records\item\lootmagicalaffixes\suffix\default\offensive_reducedprotection_02.dbr,77,Q,腐蚀之_0
238,2.0,自由之,34,+50%睡眠抵抗、眩晕抵抗、减少陷阱持续时间、减少冰冻持续时间、缓,腿,records\xpack\item\lootmagicalaffixes\suffix\default\rare_resistmobilityimpairment_03.dbr,85,Y,自由之_0
240,2.0,苦恼之,33,15%减慢速度持续4秒+12%流血伤害持续4秒+28电击伤害*4（语法有误疑,锤、斧、弓,records\xpack\item\lootmagicalaffixes\suffix\default\rare_-%speedbleeddmg%bleed_02.dbr,82,V,苦恼之_0
237,2.0,英雄之,34,250生命+250法力+7%所有伤害,胸,records\xpack\item\lootmagicalaffixes\suffix\default\rare_healthmanatotaldmg_02.dbr,79,S,英雄之_0
287,2.0,荆棘之,18,15%几率发动18-25点穿刺反击,盾、头、胸,records\item\lootmagicalaffixes\suffix\default\retaliation_pierce_02.dbr,68,H,荆棘之_0
301,2.0,蜘蛛女皇之,12,+50%伤害对野兽,？,records\xpack\item\lootmagicalaffixes\suffix\default\offensive_+%damage to beasts_01.dbr,84,X,蜘蛛女皇之_0
345,2.0,见识之,3,+5智力,臂、锤、盾,records\item\lootmagicalaffixes\suffix\default\character_attributeintelligence_01.dbr,81,U,见识之_0
298,2.0,诡计之,15,+15%攻击速度+8%几率避开近身攻击,臂(战)、锤,records\item\lootmagicalaffixes\suffix\default\rare_speedattack%dodge_01.dbr,72,L,诡计之_0
337,2.0,诡诈之,7,+50%流血伤害+30%毒素伤害+11%几率躲避投射物,臂(战)、项,records\item\lootmagicalaffixes\suffix\default\rare_guile_01.dbr,60,@,诡诈之_0
241,2.0,贪吃之,32,+17活力伤害+15%攻击伤害转化为自身生命+35%生命吸收,锤、斧、弓,records\item\lootmagicalaffixes\suffix\default\offensive_damage%lifeleech_02.dbr,76,P,贪吃之_0
299,2.0,跟踪之,12,+40%伤害对昆虫,？,records\xpack\item\lootmagicalaffixes\suffix\default\offensive_+%damage to insectoids_01.dbr,88,,跟踪之_0
274,2.0,蹂躏之,21,+15伤害+27%伤害,锤、斧、弓,records\item\lootmagicalaffixes\suffix\default\offensive_+%damage_03.dbr,68,H,蹂躏之_0
219,2.0,轻快之,40,+35%攻击速度,臂、锤、斧,records\item\lootmagicalaffixes\suffix\default\character_speedattack_04.dbr,71,K,轻快之_0
293,2.0,迅速之,15,+15%攻击速度,臂、锤、斧,records\item\lootmagicalaffixes\suffix\default\character_speedattack_02.dbr,71,K,迅速之_0
312,2.0,远见之,11,+10%智力+10%法力,头(法)、项,records\item\lootmagicalaffixes\suffix\default\rare_%int%energy_01.dbr,66,F,远见之_0
357,2.0,通畅之,3,+25%睡眠抵抗、眩晕抵抗、减少陷阱持续时间、减少冰冻持续时间、缓,腿,records\xpack\item\lootmagicalaffixes\suffix\default\rare_resistmobilityimpairment_01.dbr,85,Y,通畅之_0
208,2.0,避难之,45,+18%护甲防御+45点防御能力,胸,records\item\lootmagicalaffixes\suffix\default\rare_da%protect_03.dbr,65,E,避难之_0
231,2.0,重击之,35,3%几率发动75%减少敌人生命,戒指、项链,records\xpack\item\lootmagicalaffixes\suffix\default\rare_%chanceof%life_01.dbr,75,O,重击之_0
225,2.0,重生之,36,+85%生命恢复速度,臂、盾、头,records\item\lootmagicalaffixes\suffix\default\character_regenlife_05.dbr,69,I,重生之_0
317,2.0,野兽之,11,+8%生命+30%几率发动10-16穿刺反击,胸,records\item\lootmagicalaffixes\suffix\default\rare_pierceret%life_01.dbr,69,I,野兽之_0
355,2.0,镇压之,3,[所有宠物]+25护甲+75生命,戒指、项链,records\xpack\item\lootmagicalaffixes\suffix\default\petbonus_healtharmor_02.dbr,76,P,镇压之_0
296,2.0,闪电之,15,+12闪电伤害+13%闪电伤害,锤、斧、弓,records\item\lootmagicalaffixes\suffix\default\offensive_+%lightning_02.dbr,71,K,闪电之_0
218,2.0,集中之,40,-18%冷却时间,盾、头(法),records\item\lootmagicalaffixes\suffix\default\character_cooldownreduction_03.dbr,77,Q,集中之_0
333,2.0,雷之,8,+6闪电伤害+8%闪电伤害,锤、斧、弓,records\item\lootmagicalaffixes\suffix\default\offensive_+%lightning_01.dbr,71,K,雷之_0
329,2.0,霜之,8,+6冰冷伤害+8%冰冷伤害,锤、斧、弓,records\item\lootmagicalaffixes\suffix\default\offensive_+%cold_01.dbr,66,F,霜之_0
250,2.0,预兆之,28,+15%智力+15%法力,头(法)、项,records\item\lootmagicalaffixes\suffix\default\rare_%int%energy_02.dbr,66,F,预兆之_0
222,2.0,预言之,39,+20%智力+20%法力,头(法)、项,records\item\lootmagicalaffixes\suffix\default\rare_%int%energy_03.dbr,66,F,预言之_0
259,2.0,领悟之,25,+26智力,臂、锤、盾,records\item\lootmagicalaffixes\suffix\default\character_attributeintelligence_04.dbr,81,U,领悟之_0
229,2.0,风暴之,36,+28闪电伤害+24%闪电伤害,杖,records\item\lootmagicalaffixes\suffix\default\offensive_+%lightning_04.dbr,71,K,风暴之_0
338,2.0,飞马之,7,+15%元素伤害+18%元素抗性+15%移动速度,腿,records\item\lootmagicalaffixes\suffix\default\rare_pegasus_01.dbr,62,B,飞马之_0
330,2.0,鬼神之,8,+50%伤害对恶魔,锤,records\item\lootmagicalaffixes\suffix\default\offensive_+%damage to demons_01.dbr,78,R,鬼神之_0
255,2.0,鱼钩之,28,15%几率发动28-35点穿刺反击,盾、头、胸,records\item\lootmagicalaffixes\suffix\default\retaliation_pierce_03.dbr,68,H,鱼钩之_0
316,2.0,鱼鹰之,11,+10穿刺伤害+10%穿刺伤害,弓、剑、戒,records\item\lootmagicalaffixes\suffix\default\rare_pierce%pierce_01.dbr,68,H,鱼鹰之_0
252,2.0,鹰隼之,28,+20穿刺伤害+20%穿刺伤害,弓、剑、矛,records\item\lootmagicalaffixes\suffix\default\rare_pierce%pierce_03.dbr,68,H,鹰隼之_0
